{"timestamp": "2026-08-03T05:35:37.564574+00:00", "service": "backend", "level": "INFO", "message": "health check ok", "request_id": "a0519d22-cd1d-4f5f-a900-8229c9f174c0", "endpoint": "/health", "status_code": 200}
{"timestamp": "2026-08-03T05:35:37.565591+00:00", "service": "backend", "level": "INFO", "message": "request completed", "request_id": "a0519d22-cd1d-4f5f-a900-8229c9f174c0", "method": "GET", "endpoint": "/health", "status_code": 200, "elapsed_ms": 5.291}
{"timestamp": "2026-08-03T05:35:41.838366+00:00", "service": "backend", "level": "INFO", "message": "request completed", "request_id": "6d8e01e5-e030-4f21-91ef-409a442eb270", "method": "POST", "endpoint": "/api/v1/solicitudes", "status_code": 201, "elapsed_ms": 10.286}
{"timestamp": "2026-08-03T05:35:41.852499+00:00", "service": "backend", "level": "ERROR", "message": "database readiness check failed", "request_id": "56cdace9-5fa3-49a6-a3ef-6c1f1043bc45", "endpoint": "/health/ready", "status_code": 503, "error": {"type": "ConnectionError", "detail": "database is down"}}
{"timestamp": "2026-08-03T05:35:41.853032+00:00", "service": "backend", "level": "WARNING", "message": "Database is unavailable", "request_id": "56cdace9-5fa3-49a6-a3ef-6c1f1043bc45", "method": "GET", "endpoint": "/health/ready", "status_code": 503, "error": {"type": "DatabaseUnavailableError", "detail": "Database is unavailable"}}
{"timestamp": "2026-08-03T05:35:41.853524+00:00", "service": "backend", "level": "ERROR", "message": "request completed", "request_id": "56cdace9-5fa3-49a6-a3ef-6c1f1043bc45", "method": "GET", "endpoint": "/health/ready", "status_code": 503, "elapsed_ms": 3.575}
{"timestamp": "2026-08-03T05:35:53.051578+00:00", "service": "backend", "level": "INFO", "message": "health check ok", "request_id": "718d3631-6a60-4b6d-ac96-232530aefe3b", "endpoint": "/health", "status_code": 200}
{"timestamp": "2026-08-03T05:35:53.052722+00:00", "service": "backend", "level": "INFO", "message": "request completed", "request_id": "718d3631-6a60-4b6d-ac96-232530aefe3b", "method": "GET", "endpoint": "/health", "status_code": 200, "elapsed_ms": 2.945}
{"timestamp": "2026-08-03T05:35:54.291774+00:00", "service": "backend", "level": "INFO", "message": "health check ok", "request_id": "f4cf4da2-7e01-4f9a-8164-c5700a3aadb2", "endpoint": "/health", "status_code": 200}
{"timestamp": "2026-08-03T05:35:54.292409+00:00", "service": "backend", "level": "INFO", "message": "request completed", "request_id": "f4cf4da2-7e01-4f9a-8164-c5700a3aadb2", "method": "GET", "endpoint": "/health", "status_code": 200, "elapsed_ms": 1.507}
{"timestamp": "2026-08-03T05:36:05.687414+00:00", "service": "backend", "level": "INFO", "message": "health check ok", "request_id": "7ee577ac-ed5d-4a0c-8dc0-5517e30101e8", "endpoint": "/health", "status_code": 200}
{"timestamp": "2026-08-03T05:36:05.688265+00:00", "service": "backend", "level": "INFO", "message": "request completed", "request_id": "7ee577ac-ed5d-4a0c-8dc0-5517e30101e8", "method": "GET", "endpoint": "/health", "status_code": 200, "elapsed_ms": 1.487}
{"timestamp": "2026-08-03T05:36:21.053098+00:00", "service": "backend", "level": "INFO", "message": "health check ok", "request_id": "62c071fd-5233-4cb6-90f6-7774a1311798", "endpoint": "/health", "status_code": 200}
{"timestamp": "2026-08-03T05:36:21.053726+00:00", "service": "backend", "level": "INFO", "message": "request completed", "request_id": "62c071fd-5233-4cb6-90f6-7774a1311798", "method": "GET", "endpoint": "/health", "status_code": 200, "elapsed_ms": 1.324}
{"timestamp": "2026-08-03T05:36:33.653684+00:00", "service": "backend", "level": "INFO", "message": "health check ok", "request_id": "e3bf08c5-f839-4244-904d-2c1626a8a930", "endpoint": "/health", "status_code": 200}
{"timestamp": "2026-08-03T05:36:33.655136+00:00", "service": "backend", "level": "INFO", "message": "request completed", "request_id": "e3bf08c5-f839-4244-904d-2c1626a8a930", "method": "GET", "endpoint": "/health", "status_code": 200, "elapsed_ms": 2.242}
{"timestamp": "2026-08-03T05:36:41.438060+00:00", "service": "backend", "level": "INFO", "message": "health check ok", "request_id": "eea51282-7d05-4575-9868-1045ef0a4c77", "endpoint": "/health", "status_code": 200}
{"timestamp": "2026-08-03T05:36:41.438752+00:00", "service": "backend", "level": "INFO", "message": "request completed", "request_id": "eea51282-7d05-4575-9868-1045ef0a4c77", "method": "GET", "endpoint": "/health", "status_code": 200, "elapsed_ms": 1.486}
{"timestamp": "2026-08-03T05:36:47.972357+00:00", "service": "backend", "level": "INFO", "message": "health check ok", "request_id": "695bb724-97a0-44cd-90de-8728588728fa", "endpoint": "/health", "status_code": 200}
{"timestamp": "2026-08-03T05:36:47.972910+00:00", "service": "backend", "level": "INFO", "message": "request completed", "request_id": "695bb724-97a0-44cd-90de-8728588728fa", "method": "GET", "endpoint": "/health", "status_code": 200, "elapsed_ms": 3.977}
{"timestamp": "2026-08-03T05:37:03.337919+00:00", "service": "backend", "level": "INFO", "message": "health check ok", "request_id": "7ba8c818-df83-427c-bcdd-b4435cfbc02c", "endpoint": "/health", "status_code": 200}
{"timestamp": "2026-08-03T05:37:03.342027+00:00", "service": "backend", "level": "INFO", "message": "request completed", "request_id": "7ba8c818-df83-427c-bcdd-b4435cfbc02c", "method": "GET", "endpoint": "/health", "status_code": 200, "elapsed_ms": 4.725}
{"timestamp": "2026-08-03T05:37:16.047405+00:00", "service": "backend", "level": "INFO", "message": "health check ok", "request_id": "6deee498-1cdb-44db-af3b-4a5fc9311028", "endpoint": "/health", "status_code": 200}
{"timestamp": "2026-08-03T05:37:16.048232+00:00", "service": "backend", "level": "INFO", "message": "request completed", "request_id": "6deee498-1cdb-44db-af3b-4a5fc9311028", "method": "GET", "endpoint": "/health", "status_code": 200, "elapsed_ms": 1.565}
{"timestamp": "2026-08-03T05:37:31.395806+00:00", "service": "backend", "level": "INFO", "message": "health check ok", "request_id": "5669b054-0534-4248-8927-494e71745a1a", "endpoint": "/health", "status_code": 200}
{"timestamp": "2026-08-03T05:37:31.396829+00:00", "service": "backend", "level": "INFO", "message": "request completed", "request_id": "5669b054-0534-4248-8927-494e71745a1a", "method": "GET", "endpoint": "/health", "status_code": 200, "elapsed_ms": 1.897}
{"timestamp": "2026-08-03T05:37:43.998069+00:00", "service": "backend", "level": "INFO", "message": "health check ok", "request_id": "d5e6b6a0-e024-4896-8614-482f42163bdc", "endpoint": "/health", "status_code": 200}
{"timestamp": "2026-08-03T05:37:43.999737+00:00", "service": "backend", "level": "INFO", "message": "request completed", "request_id": "d5e6b6a0-e024-4896-8614-482f42163bdc", "method": "GET", "endpoint": "/health", "status_code": 200, "elapsed_ms": 3.397}
{"timestamp": "2026-08-03T05:37:59.343583+00:00", "service": "backend", "level": "INFO", "message": "health check ok", "request_id": "781d4f6d-d7cd-4cb0-80b9-e1eb584a40d5", "endpoint": "/health", "status_code": 200}
{"timestamp": "2026-08-03T05:37:59.344248+00:00", "service": "backend", "level": "INFO", "message": "request completed", "request_id": "781d4f6d-d7cd-4cb0-80b9-e1eb584a40d5", "method": "GET", "endpoint": "/health", "status_code": 200, "elapsed_ms": 1.355}
{"timestamp": "2026-08-03T05:38:11.949283+00:00", "service": "backend", "level": "INFO", "message": "health check ok", "request_id": "cf83a239-d5fb-4b95-a3dc-f2a2314e5d3f", "endpoint": "/health", "status_code": 200}
{"timestamp": "2026-08-03T05:38:11.950172+00:00", "service": "backend", "level": "INFO", "message": "request completed", "request_id": "cf83a239-d5fb-4b95-a3dc-f2a2314e5d3f", "method": "GET", "endpoint": "/health", "status_code": 200, "elapsed_ms": 1.976}
{"timestamp": "2026-08-03T05:38:27.322285+00:00", "service": "backend", "level": "INFO", "message": "health check ok", "request_id": "2338458b-e80e-4024-8a69-0593a61a7939", "endpoint": "/health", "status_code": 200}
{"timestamp": "2026-08-03T05:38:27.323108+00:00", "service": "backend", "level": "INFO", "message": "request completed", "request_id": "2338458b-e80e-4024-8a69-0593a61a7939", "method": "GET", "endpoint": "/health", "status_code": 200, "elapsed_ms": 1.426}
{"timestamp": "2026-08-03T05:38:40.126364+00:00", "service": "backend", "level": "INFO", "message": "health check ok", "request_id": "72c50cbb-404f-4415-a5ae-ba1269e82f96", "endpoint": "/health", "status_code": 200}
{"timestamp": "2026-08-03T05:38:40.127159+00:00", "service": "backend", "level": "INFO", "message": "request completed", "request_id": "72c50cbb-404f-4415-a5ae-ba1269e82f96", "method": "GET", "endpoint": "/health", "status_code": 200, "elapsed_ms": 1.336}
{"timestamp": "2026-08-03T05:38:55.474113+00:00", "service": "backend", "level": "INFO", "message": "health check ok", "request_id": "91172f47-17f9-4328-96f6-9dd967b11a66", "endpoint": "/health", "status_code": 200}
{"timestamp": "2026-08-03T05:38:55.474817+00:00", "service": "backend", "level": "INFO", "message": "request completed", "request_id": "91172f47-17f9-4328-96f6-9dd967b11a66", "method": "GET", "endpoint": "/health", "status_code": 200, "elapsed_ms": 1.509}
{"timestamp": "2026-08-03T05:39:08.065404+00:00", "service": "backend", "level": "INFO", "message": "health check ok", "request_id": "1a5a3d1a-d771-45f4-8177-56d68df278e1", "endpoint": "/health", "status_code": 200}
{"timestamp": "2026-08-03T05:39:08.066164+00:00", "service": "backend", "level": "INFO", "message": "request completed", "request_id": "1a5a3d1a-d771-45f4-8177-56d68df278e1", "method": "GET", "endpoint": "/health", "status_code": 200, "elapsed_ms": 1.573}
{"timestamp": "2026-08-03T05:39:23.485013+00:00", "service": "backend", "level": "INFO", "message": "health check ok", "request_id": "c5516517-54d5-4a91-9535-977469fe7c99", "endpoint": "/health", "status_code": 200}
{"timestamp": "2026-08-03T05:39:23.486235+00:00", "service": "backend", "level": "INFO", "message": "request completed", "request_id": "c5516517-54d5-4a91-9535-977469fe7c99", "method": "GET", "endpoint": "/health", "status_code": 200, "elapsed_ms": 2.306}
{"timestamp": "2026-08-03T05:39:36.090397+00:00", "service": "backend", "level": "INFO", "message": "health check ok", "request_id": "cea8e258-ee3c-4d37-8ebe-e6d4baa3b903", "endpoint": "/health", "status_code": 200}
{"timestamp": "2026-08-03T05:39:36.091125+00:00", "service": "backend", "level": "INFO", "message": "request completed", "request_id": "cea8e258-ee3c-4d37-8ebe-e6d4baa3b903", "method": "GET", "endpoint": "/health", "status_code": 200, "elapsed_ms": 2.368}
{"timestamp": "2026-08-03T05:39:51.442817+00:00", "service": "backend", "level": "INFO", "message": "health check ok", "request_id": "e9454268-2063-43fc-85ee-adb1e04228c7", "endpoint": "/health", "status_code": 200}
{"timestamp": "2026-08-03T05:39:51.443720+00:00", "service": "backend", "level": "INFO", "message": "request completed", "request_id": "e9454268-2063-43fc-85ee-adb1e04228c7", "method": "GET", "endpoint": "/health", "status_code": 200, "elapsed_ms": 1.693}
{"timestamp": "2026-08-03T05:40:04.057784+00:00", "service": "backend", "level": "INFO", "message": "health check ok", "request_id": "2e92d8d3-3759-4fcf-b4c5-0c1670af342f", "endpoint": "/health", "status_code": 200}
{"timestamp": "2026-08-03T05:40:04.058580+00:00", "service": "backend", "level": "INFO", "message": "request completed", "request_id": "2e92d8d3-3759-4fcf-b4c5-0c1670af342f", "method": "GET", "endpoint": "/health", "status_code": 200, "elapsed_ms": 1.716}
{"timestamp": "2026-08-03T05:40:19.616123+00:00", "service": "backend", "level": "INFO", "message": "health check ok", "request_id": "1676705d-0ae3-4ef3-a661-555248b67b11", "endpoint": "/health", "status_code": 200}
{"timestamp": "2026-08-03T05:40:19.616898+00:00", "service": "backend", "level": "INFO", "message": "request completed", "request_id": "1676705d-0ae3-4ef3-a661-555248b67b11", "method": "GET", "endpoint": "/health", "status_code": 200, "elapsed_ms": 1.729}
{"timestamp": "2026-08-03T05:40:32.253245+00:00", "service": "backend", "level": "INFO", "message": "health check ok", "request_id": "e5dffeff-0298-4009-bedd-29d81d25eeb1", "endpoint": "/health", "status_code": 200}
{"timestamp": "2026-08-03T05:40:32.253795+00:00", "service": "backend", "level": "INFO", "message": "request completed", "request_id": "e5dffeff-0298-4009-bedd-29d81d25eeb1", "method": "GET", "endpoint": "/health", "status_code": 200, "elapsed_ms": 1.215}
{"timestamp": "2026-08-03T05:40:47.614790+00:00", "service": "backend", "level": "INFO", "message": "health check ok", "request_id": "f91780f8-c8c8-4b0d-a05c-7bec063a1d2c", "endpoint": "/health", "status_code": 200}
{"timestamp": "2026-08-03T05:40:47.615491+00:00", "service": "backend", "level": "INFO", "message": "request completed", "request_id": "f91780f8-c8c8-4b0d-a05c-7bec063a1d2c", "method": "GET", "endpoint": "/health", "status_code": 200, "elapsed_ms": 2.913}
{"timestamp": "2026-08-03T05:41:00.259467+00:00", "service": "backend", "level": "INFO", "message": "health check ok", "request_id": "8d8b0e8b-0318-4070-aa90-86aa1161b993", "endpoint": "/health", "status_code": 200}
{"timestamp": "2026-08-03T05:41:00.260451+00:00", "service": "backend", "level": "INFO", "message": "request completed", "request_id": "8d8b0e8b-0318-4070-aa90-86aa1161b993", "method": "GET", "endpoint": "/health", "status_code": 200, "elapsed_ms": 1.553}
{"timestamp": "2026-08-03T05:41:15.606636+00:00", "service": "backend", "level": "INFO", "message": "health check ok", "request_id": "54e2671e-ceee-4d74-8e73-9ef1ba4ed345", "endpoint": "/health", "status_code": 200}
{"timestamp": "2026-08-03T05:41:15.607461+00:00", "service": "backend", "level": "INFO", "message": "request completed", "request_id": "54e2671e-ceee-4d74-8e73-9ef1ba4ed345", "method": "GET", "endpoint": "/health", "status_code": 200, "elapsed_ms": 1.567}
{"timestamp": "2026-08-03T05:41:28.412342+00:00", "service": "backend", "level": "INFO", "message": "health check ok", "request_id": "65fbbd16-1b0f-481b-8308-359cc94a6656", "endpoint": "/health", "status_code": 200}
{"timestamp": "2026-08-03T05:41:28.413661+00:00", "service": "backend", "level": "INFO", "message": "request completed", "request_id": "65fbbd16-1b0f-481b-8308-359cc94a6656", "method": "GET", "endpoint": "/health", "status_code": 200, "elapsed_ms": 2.528}
{"timestamp": "2026-08-03T05:41:43.788159+00:00", "service": "backend", "level": "INFO", "message": "health check ok", "request_id": "a1c51905-eb55-4d6c-933e-cfb0274cabbd", "endpoint": "/health", "status_code": 200}
{"timestamp": "2026-08-03T05:41:43.788991+00:00", "service": "backend", "level": "INFO", "message": "request completed", "request_id": "a1c51905-eb55-4d6c-933e-cfb0274cabbd", "method": "GET", "endpoint": "/health", "status_code": 200, "elapsed_ms": 1.37}
{"timestamp": "2026-08-03T05:41:49.826417+00:00", "service": "backend", "level": "INFO", "message": "health check ok", "request_id": "12db3380-70bd-4d0a-825f-68c9caee2241", "endpoint": "/health", "status_code": 200}
{"timestamp": "2026-08-03T05:41:49.827200+00:00", "service": "backend", "level": "INFO", "message": "request completed", "request_id": "12db3380-70bd-4d0a-825f-68c9caee2241", "method": "GET", "endpoint": "/health", "status_code": 200, "elapsed_ms": 5.848}
{"timestamp": "2026-08-03T05:41:52.493133+00:00", "service": "backend", "level": "INFO", "message": "request completed", "request_id": "57fb1cf1-c52f-4ef9-bfa6-c37c00e34e31", "method": "POST", "endpoint": "/api/v1/solicitudes", "status_code": 201, "elapsed_ms": 7.972}
{"timestamp": "2026-08-03T05:41:52.503699+00:00", "service": "backend", "level": "WARNING", "message": "A solicitud with this external ID already exists", "request_id": "6caf1997-e42a-41a9-96f0-613be4c3123b", "method": "POST", "endpoint": "/api/v1/solicitudes", "status_code": 409, "error": {"type": "ConflictError", "detail": "A solicitud with this external ID already exists"}}
{"timestamp": "2026-08-03T05:41:52.504297+00:00", "service": "backend", "level": "INFO", "message": "request completed", "request_id": "6caf1997-e42a-41a9-96f0-613be4c3123b", "method": "POST", "endpoint": "/api/v1/solicitudes", "status_code": 409, "elapsed_ms": 3.188}
{"timestamp": "2026-08-03T05:41:52.515129+00:00", "service": "backend", "level": "INFO", "message": "health check ok", "request_id": "c4a141e9-e9c0-4c9e-b87e-bb7c493f429a", "endpoint": "/health", "status_code": 200}
{"timestamp": "2026-08-03T05:41:52.515945+00:00", "service": "backend", "level": "INFO", "message": "request completed", "request_id": "c4a141e9-e9c0-4c9e-b87e-bb7c493f429a", "method": "GET", "endpoint": "/health", "status_code": 200, "elapsed_ms": 3.129}
{"timestamp": "2026-08-03T05:41:52.522246+00:00", "service": "backend", "level": "INFO", "message": "database readiness check ok", "request_id": "c62acabd-3a5f-4c5d-8844-77ffe05f4ce4", "endpoint": "/health/ready", "status_code": 200}
{"timestamp": "2026-08-03T05:41:52.522780+00:00", "service": "backend", "level": "INFO", "message": "request completed", "request_id": "c62acabd-3a5f-4c5d-8844-77ffe05f4ce4", "method": "GET", "endpoint": "/health/ready", "status_code": 200, "elapsed_ms": 1.657}
{"timestamp": "2026-08-03T05:41:52.533933+00:00", "service": "backend", "level": "ERROR", "message": "database readiness check failed", "request_id": "df1d5018-3c1d-4294-be82-3886877cc1e9", "endpoint": "/health/ready", "status_code": 503, "error": {"type": "ConnectionError", "detail": "database is down"}}
{"timestamp": "2026-08-03T05:41:52.534384+00:00", "service": "backend", "level": "WARNING", "message": "Database is unavailable", "request_id": "df1d5018-3c1d-4294-be82-3886877cc1e9", "method": "GET", "endpoint": "/health/ready", "status_code": 503, "error": {"type": "DatabaseUnavailableError", "detail": "Database is unavailable"}}
{"timestamp": "2026-08-03T05:41:52.534944+00:00", "service": "backend", "level": "ERROR", "message": "request completed", "request_id": "df1d5018-3c1d-4294-be82-3886877cc1e9", "method": "GET", "endpoint": "/health/ready", "status_code": 503, "elapsed_ms": 4.067}
{"timestamp": "2026-08-03T05:42:05.272097+00:00", "service": "backend", "level": "INFO", "message": "health check ok", "request_id": "7827a4b7-72c0-4332-b103-fb952e30d1b0", "endpoint": "/health", "status_code": 200}
{"timestamp": "2026-08-03T05:42:05.272806+00:00", "service": "backend", "level": "INFO", "message": "request completed", "request_id": "7827a4b7-72c0-4332-b103-fb952e30d1b0", "method": "GET", "endpoint": "/health", "status_code": 200, "elapsed_ms": 1.278}
{"timestamp": "2026-08-03T05:42:17.913706+00:00", "service": "backend", "level": "INFO", "message": "health check ok", "request_id": "016943f5-b8c3-41df-b11a-77d649a02d37", "endpoint": "/health", "status_code": 200}
{"timestamp": "2026-08-03T05:42:17.914585+00:00", "service": "backend", "level": "INFO", "message": "request completed", "request_id": "016943f5-b8c3-41df-b11a-77d649a02d37", "method": "GET", "endpoint": "/health", "status_code": 200, "elapsed_ms": 2.988}
{"timestamp": "2026-08-03T05:42:33.235190+00:00", "service": "backend", "level": "INFO", "message": "health check ok", "request_id": "d3ad88bc-06ee-4f5c-9584-9f9465797d7d", "endpoint": "/health", "status_code": 200}
{"timestamp": "2026-08-03T05:42:33.236135+00:00", "service": "backend", "level": "INFO", "message": "request completed", "request_id": "d3ad88bc-06ee-4f5c-9584-9f9465797d7d", "method": "GET", "endpoint": "/health", "status_code": 200, "elapsed_ms": 2.621}
{"timestamp": "2026-08-03T05:42:45.845840+00:00", "service": "backend", "level": "INFO", "message": "health check ok", "request_id": "085e9786-0fbf-4c36-9e44-966021fa6603", "endpoint": "/health", "status_code": 200}
{"timestamp": "2026-08-03T05:42:45.846702+00:00", "service": "backend", "level": "INFO", "message": "request completed", "request_id": "085e9786-0fbf-4c36-9e44-966021fa6603", "method": "GET", "endpoint": "/health", "status_code": 200, "elapsed_ms": 1.665}
{"timestamp": "2026-08-03T05:43:01.234272+00:00", "service": "backend", "level": "INFO", "message": "health check ok", "request_id": "0b949228-f070-4dc0-8b45-a533e60d4dc7", "endpoint": "/health", "status_code": 200}
{"timestamp": "2026-08-03T05:43:01.235013+00:00", "service": "backend", "level": "INFO", "message": "request completed", "request_id": "0b949228-f070-4dc0-8b45-a533e60d4dc7", "method": "GET", "endpoint": "/health", "status_code": 200, "elapsed_ms": 1.468}
{"timestamp": "2026-08-03T05:43:14.707646+00:00", "service": "backend", "level": "INFO", "message": "health check ok", "request_id": "f0cb3b32-6097-46fb-84cf-0fd98cd57e6b", "endpoint": "/health", "status_code": 200}
{"timestamp": "2026-08-03T05:43:14.716170+00:00", "service": "backend", "level": "INFO", "message": "request completed", "request_id": "f0cb3b32-6097-46fb-84cf-0fd98cd57e6b", "method": "GET", "endpoint": "/health", "status_code": 200, "elapsed_ms": 24.687}
{"timestamp": "2026-08-03T05:43:30.131966+00:00", "service": "backend", "level": "INFO", "message": "health check ok", "request_id": "45460d5a-9b03-4b49-ab26-4b3a2947c908", "endpoint": "/health", "status_code": 200}
{"timestamp": "2026-08-03T05:43:30.132621+00:00", "service": "backend", "level": "INFO", "message": "request completed", "request_id": "45460d5a-9b03-4b49-ab26-4b3a2947c908", "method": "GET", "endpoint": "/health", "status_code": 200, "elapsed_ms": 1.565}
{"timestamp": "2026-08-03T05:43:42.920877+00:00", "service": "backend", "level": "INFO", "message": "health check ok", "request_id": "7425ed6d-f84f-4a41-978a-9a12498ccca5", "endpoint": "/health", "status_code": 200}
{"timestamp": "2026-08-03T05:43:42.921463+00:00", "service": "backend", "level": "INFO", "message": "request completed", "request_id": "7425ed6d-f84f-4a41-978a-9a12498ccca5", "method": "GET", "endpoint": "/health", "status_code": 200, "elapsed_ms": 1.409}
{"timestamp": "2026-08-03T05:43:58.335468+00:00", "service": "backend", "level": "INFO", "message": "health check ok", "request_id": "7a46d772-44ed-4e2a-9d78-d65f32134387", "endpoint": "/health", "status_code": 200}
{"timestamp": "2026-08-03T05:43:58.336537+00:00", "service": "backend", "level": "INFO", "message": "request completed", "request_id": "7a46d772-44ed-4e2a-9d78-d65f32134387", "method": "GET", "endpoint": "/health", "status_code": 200, "elapsed_ms": 2.048}
{"timestamp": "2026-08-03T05:44:10.930069+00:00", "service": "backend", "level": "INFO", "message": "health check ok", "request_id": "8cd096cc-ffba-47da-8663-1c98d1b96ea8", "endpoint": "/health", "status_code": 200}
{"timestamp": "2026-08-03T05:44:10.930784+00:00", "service": "backend", "level": "INFO", "message": "request completed", "request_id": "8cd096cc-ffba-47da-8663-1c98d1b96ea8", "method": "GET", "endpoint": "/health", "status_code": 200, "elapsed_ms": 1.413}
{"timestamp": "2026-08-03T05:44:26.273973+00:00", "service": "backend", "level": "INFO", "message": "health check ok", "request_id": "d12d6cc3-729c-44de-bed1-72f95f366ce9", "endpoint": "/health", "status_code": 200}
{"timestamp": "2026-08-03T05:44:26.274676+00:00", "service": "backend", "level": "INFO", "message": "request completed", "request_id": "d12d6cc3-729c-44de-bed1-72f95f366ce9", "method": "GET", "endpoint": "/health", "status_code": 200, "elapsed_ms": 1.477}
{"timestamp": "2026-08-03T05:44:38.894992+00:00", "service": "backend", "level": "INFO", "message": "health check ok", "request_id": "c8e5146f-53a5-4a82-8012-d1e0dc152337", "endpoint": "/health", "status_code": 200}
{"timestamp": "2026-08-03T05:44:38.895766+00:00", "service": "backend", "level": "INFO", "message": "request completed", "request_id": "c8e5146f-53a5-4a82-8012-d1e0dc152337", "method": "GET", "endpoint": "/health", "status_code": 200, "elapsed_ms": 1.861}
{"timestamp": "2026-08-03T05:44:54.266768+00:00", "service": "backend", "level": "INFO", "message": "health check ok", "request_id": "319f1ab8-4417-4e3f-899b-8392cabba557", "endpoint": "/health", "status_code": 200}
{"timestamp": "2026-08-03T05:44:54.267667+00:00", "service": "backend", "level": "INFO", "message": "request completed", "request_id": "319f1ab8-4417-4e3f-899b-8392cabba557", "method": "GET", "endpoint": "/health", "status_code": 200, "elapsed_ms": 1.595}
{"timestamp": "2026-08-03T05:45:06.886278+00:00", "service": "backend", "level": "INFO", "message": "health check ok", "request_id": "fa780b1c-6a96-4d50-8f97-b4c5b54469fd", "endpoint": "/health", "status_code": 200}
{"timestamp": "2026-08-03T05:45:06.886799+00:00", "service": "backend", "level": "INFO", "message": "request completed", "request_id": "fa780b1c-6a96-4d50-8f97-b4c5b54469fd", "method": "GET", "endpoint": "/health", "status_code": 200, "elapsed_ms": 1.2}
{"timestamp": "2026-08-03T05:45:22.285995+00:00", "service": "backend", "level": "INFO", "message": "health check ok", "request_id": "dc92d508-ffb1-425d-89cd-defab6da70e4", "endpoint": "/health", "status_code": 200}
{"timestamp": "2026-08-03T05:45:22.286768+00:00", "service": "backend", "level": "INFO", "message": "request completed", "request_id": "dc92d508-ffb1-425d-89cd-defab6da70e4", "method": "GET", "endpoint": "/health", "status_code": 200, "elapsed_ms": 1.427}
{"timestamp": "2026-08-03T05:45:34.884351+00:00", "service": "backend", "level": "INFO", "message": "health check ok", "request_id": "a8bcf09b-7556-4c77-b592-e17352b87a97", "endpoint": "/health", "status_code": 200}
{"timestamp": "2026-08-03T05:45:34.884889+00:00", "service": "backend", "level": "INFO", "message": "request completed", "request_id": "a8bcf09b-7556-4c77-b592-e17352b87a97", "method": "GET", "endpoint": "/health", "status_code": 200, "elapsed_ms": 1.056}
{"timestamp": "2026-08-03T05:45:50.216379+00:00", "service": "backend", "level": "INFO", "message": "health check ok", "request_id": "994bc86c-830f-42be-b97a-bb0fe4cf6ca0", "endpoint": "/health", "status_code": 200}
{"timestamp": "2026-08-03T05:45:50.217270+00:00", "service": "backend", "level": "INFO", "message": "request completed", "request_id": "994bc86c-830f-42be-b97a-bb0fe4cf6ca0", "method": "GET", "endpoint": "/health", "status_code": 200, "elapsed_ms": 1.72}
{"timestamp": "2026-08-03T05:46:02.886841+00:00", "service": "backend", "level": "INFO", "message": "health check ok", "request_id": "5c26cf54-a6b3-47ee-aacf-f15c56787b31", "endpoint": "/health", "status_code": 200}
{"timestamp": "2026-08-03T05:46:02.887883+00:00", "service": "backend", "level": "INFO", "message": "request completed", "request_id": "5c26cf54-a6b3-47ee-aacf-f15c56787b31", "method": "GET", "endpoint": "/health", "status_code": 200, "elapsed_ms": 2.435}
{"timestamp": "2026-08-03T05:46:18.225010+00:00", "service": "backend", "level": "INFO", "message": "health check ok", "request_id": "0151371c-f6fb-402e-85ee-9e17f622c6e0", "endpoint": "/health", "status_code": 200}
{"timestamp": "2026-08-03T05:46:18.225701+00:00", "service": "backend", "level": "INFO", "message": "request completed", "request_id": "0151371c-f6fb-402e-85ee-9e17f622c6e0", "method": "GET", "endpoint": "/health", "status_code": 200, "elapsed_ms": 1.325}
{"timestamp": "2026-08-03T05:46:30.848315+00:00", "service": "backend", "level": "INFO", "message": "health check ok", "request_id": "e77d0ae6-90d2-4eb2-94de-4f8be039f69d", "endpoint": "/health", "status_code": 200}
{"timestamp": "2026-08-03T05:46:30.848878+00:00", "service": "backend", "level": "INFO", "message": "request completed", "request_id": "e77d0ae6-90d2-4eb2-94de-4f8be039f69d", "method": "GET", "endpoint": "/health", "status_code": 200, "elapsed_ms": 1.207}
{"timestamp": "2026-08-03T05:46:46.214607+00:00", "service": "backend", "level": "INFO", "message": "health check ok", "request_id": "568b9a20-a6a7-4cc4-aaaa-1472b612ed11", "endpoint": "/health", "status_code": 200}
{"timestamp": "2026-08-03T05:46:46.215416+00:00", "service": "backend", "level": "INFO", "message": "request completed", "request_id": "568b9a20-a6a7-4cc4-aaaa-1472b612ed11", "method": "GET", "endpoint": "/health", "status_code": 200, "elapsed_ms": 1.279}
{"timestamp": "2026-08-03T05:46:58.821474+00:00", "service": "backend", "level": "INFO", "message": "health check ok", "request_id": "66401da9-8077-4f77-b724-e1f5359495ac", "endpoint": "/health", "status_code": 200}
{"timestamp": "2026-08-03T05:46:58.822235+00:00", "service": "backend", "level": "INFO", "message": "request completed", "request_id": "66401da9-8077-4f77-b724-e1f5359495ac", "method": "GET", "endpoint": "/health", "status_code": 200, "elapsed_ms": 1.481}
{"timestamp": "2026-08-03T05:47:14.151841+00:00", "service": "backend", "level": "INFO", "message": "health check ok", "request_id": "c3f1220a-0292-465e-9661-c0bf2faaa19e", "endpoint": "/health", "status_code": 200}
{"timestamp": "2026-08-03T05:47:14.152710+00:00", "service": "backend", "level": "INFO", "message": "request completed", "request_id": "c3f1220a-0292-465e-9661-c0bf2faaa19e", "method": "GET", "endpoint": "/health", "status_code": 200, "elapsed_ms": 1.391}
{"timestamp": "2026-08-03T05:47:26.824612+00:00", "service": "backend", "level": "INFO", "message": "health check ok", "request_id": "88421d51-d686-48e9-81ee-6fb2cc5a8703", "endpoint": "/health", "status_code": 200}
{"timestamp": "2026-08-03T05:47:26.825403+00:00", "service": "backend", "level": "INFO", "message": "request completed", "request_id": "88421d51-d686-48e9-81ee-6fb2cc5a8703", "method": "GET", "endpoint": "/health", "status_code": 200, "elapsed_ms": 1.865}
{"timestamp": "2026-08-03T05:47:42.189000+00:00", "service": "backend", "level": "INFO", "message": "health check ok", "request_id": "2fe20d16-9c29-40dc-9bea-7f3f70ac46de", "endpoint": "/health", "status_code": 200}
{"timestamp": "2026-08-03T05:47:42.189779+00:00", "service": "backend", "level": "INFO", "message": "request completed", "request_id": "2fe20d16-9c29-40dc-9bea-7f3f70ac46de", "method": "GET", "endpoint": "/health", "status_code": 200, "elapsed_ms": 1.758}
{"timestamp": "2026-08-03T05:47:54.803332+00:00", "service": "backend", "level": "INFO", "message": "health check ok", "request_id": "4f1b430e-37a3-4b1d-8fb2-0439f1508c8c", "endpoint": "/health", "status_code": 200}
{"timestamp": "2026-08-03T05:47:54.804033+00:00", "service": "backend", "level": "INFO", "message": "request completed", "request_id": "4f1b430e-37a3-4b1d-8fb2-0439f1508c8c", "method": "GET", "endpoint": "/health", "status_code": 200, "elapsed_ms": 1.688}
{"timestamp": "2026-08-03T05:48:10.160765+00:00", "service": "backend", "level": "INFO", "message": "health check ok", "request_id": "2b58267e-6ed1-4d4e-8f03-40417ec9c393", "endpoint": "/health", "status_code": 200}
{"timestamp": "2026-08-03T05:48:10.161550+00:00", "service": "backend", "level": "INFO", "message": "request completed", "request_id": "2b58267e-6ed1-4d4e-8f03-40417ec9c393", "method": "GET", "endpoint": "/health", "status_code": 200, "elapsed_ms": 1.953}
{"timestamp": "2026-08-03T05:48:23.094001+00:00", "service": "backend", "level": "INFO", "message": "health check ok", "request_id": "c35b9035-15db-4677-ac17-5945cae8920a", "endpoint": "/health", "status_code": 200}
{"timestamp": "2026-08-03T05:48:23.094608+00:00", "service": "backend", "level": "INFO", "message": "request completed", "request_id": "c35b9035-15db-4677-ac17-5945cae8920a", "method": "GET", "endpoint": "/health", "status_code": 200, "elapsed_ms": 1.158}
{"timestamp": "2026-08-03T05:48:35.730075+00:00", "service": "backend", "level": "INFO", "message": "health check ok", "request_id": "467fbd9b-2e9d-4c16-8476-8bee8eaa397d", "endpoint": "/health", "status_code": 200}
{"timestamp": "2026-08-03T05:48:35.730768+00:00", "service": "backend", "level": "INFO", "message": "request completed", "request_id": "467fbd9b-2e9d-4c16-8476-8bee8eaa397d", "method": "GET", "endpoint": "/health", "status_code": 200, "elapsed_ms": 1.302}
{"timestamp": "2026-08-03T05:48:51.304380+00:00", "service": "backend", "level": "INFO", "message": "health check ok", "request_id": "cfe34678-450d-4d20-b1d8-de63acf3edf2", "endpoint": "/health", "status_code": 200}
{"timestamp": "2026-08-03T05:48:51.305331+00:00", "service": "backend", "level": "INFO", "message": "request completed", "request_id": "cfe34678-450d-4d20-b1d8-de63acf3edf2", "method": "GET", "endpoint": "/health", "status_code": 200, "elapsed_ms": 6.055}
{"timestamp": "2026-08-03T05:49:03.945502+00:00", "service": "backend", "level": "INFO", "message": "health check ok", "request_id": "155dbcac-3c79-4c46-9b48-93ddceaf9c9a", "endpoint": "/health", "status_code": 200}
{"timestamp": "2026-08-03T05:49:03.946222+00:00", "service": "backend", "level": "INFO", "message": "request completed", "request_id": "155dbcac-3c79-4c46-9b48-93ddceaf9c9a", "method": "GET", "endpoint": "/health", "status_code": 200, "elapsed_ms": 1.308}
{"timestamp": "2026-08-03T05:49:19.260325+00:00", "service": "backend", "level": "INFO", "message": "health check ok", "request_id": "b4ec447e-922b-405c-b57a-550acbb14f7b", "endpoint": "/health", "status_code": 200}
{"timestamp": "2026-08-03T05:49:19.262329+00:00", "service": "backend", "level": "INFO", "message": "request completed", "request_id": "b4ec447e-922b-405c-b57a-550acbb14f7b", "method": "GET", "endpoint": "/health", "status_code": 200, "elapsed_ms": 3.068}
{"timestamp": "2026-08-03T05:49:31.888747+00:00", "service": "backend", "level": "INFO", "message": "health check ok", "request_id": "22de3996-b48b-4001-b603-7d0d18cf8079", "endpoint": "/health", "status_code": 200}
{"timestamp": "2026-08-03T05:49:31.889694+00:00", "service": "backend", "level": "INFO", "message": "request completed", "request_id": "22de3996-b48b-4001-b603-7d0d18cf8079", "method": "GET", "endpoint": "/health", "status_code": 200, "elapsed_ms": 1.673}
{"timestamp": "2026-08-03T05:49:47.200588+00:00", "service": "backend", "level": "INFO", "message": "health check ok", "request_id": "50b76eac-945b-47c7-bcc1-9ccb5541f315", "endpoint": "/health", "status_code": 200}
{"timestamp": "2026-08-03T05:49:47.201275+00:00", "service": "backend", "level": "INFO", "message": "request completed", "request_id": "50b76eac-945b-47c7-bcc1-9ccb5541f315", "method": "GET", "endpoint": "/health", "status_code": 200, "elapsed_ms": 1.607}
{"timestamp": "2026-08-03T05:49:59.784507+00:00", "service": "backend", "level": "INFO", "message": "health check ok", "request_id": "6999003f-1908-4448-afe0-e2c2daccfd0b", "endpoint": "/health", "status_code": 200}
{"timestamp": "2026-08-03T05:49:59.785225+00:00", "service": "backend", "level": "INFO", "message": "request completed", "request_id": "6999003f-1908-4448-afe0-e2c2daccfd0b", "method": "GET", "endpoint": "/health", "status_code": 200, "elapsed_ms": 1.655}
{"timestamp": "2026-08-03T05:50:15.135146+00:00", "service": "backend", "level": "INFO", "message": "health check ok", "request_id": "2364db2a-9581-42e3-a0bd-d601d799367c", "endpoint": "/health", "status_code": 200}
{"timestamp": "2026-08-03T05:50:15.136087+00:00", "service": "backend", "level": "INFO", "message": "request completed", "request_id": "2364db2a-9581-42e3-a0bd-d601d799367c", "method": "GET", "endpoint": "/health", "status_code": 200, "elapsed_ms": 1.908}
{"timestamp": "2026-08-03T05:50:27.816564+00:00", "service": "backend", "level": "INFO", "message": "health check ok", "request_id": "efff52a4-089f-432c-9de1-2e02b8583d59", "endpoint": "/health", "status_code": 200}
{"timestamp": "2026-08-03T05:50:27.817371+00:00", "service": "backend", "level": "INFO", "message": "request completed", "request_id": "efff52a4-089f-432c-9de1-2e02b8583d59", "method": "GET", "endpoint": "/health", "status_code": 200, "elapsed_ms": 1.398}
{"timestamp": "2026-08-03T05:50:43.235777+00:00", "service": "backend", "level": "INFO", "message": "health check ok", "request_id": "094b4102-0a84-448d-bc0f-0985a48452d3", "endpoint": "/health", "status_code": 200}
{"timestamp": "2026-08-03T05:50:43.236674+00:00", "service": "backend", "level": "INFO", "message": "request completed", "request_id": "094b4102-0a84-448d-bc0f-0985a48452d3", "method": "GET", "endpoint": "/health", "status_code": 200, "elapsed_ms": 1.516}
{"timestamp": "2026-08-03T05:50:55.923532+00:00", "service": "backend", "level": "INFO", "message": "health check ok", "request_id": "5167588b-183d-43ec-b209-06d032e4a3be", "endpoint": "/health", "status_code": 200}
{"timestamp": "2026-08-03T05:50:55.928535+00:00", "service": "backend", "level": "INFO", "message": "request completed", "request_id": "5167588b-183d-43ec-b209-06d032e4a3be", "method": "GET", "endpoint": "/health", "status_code": 200, "elapsed_ms": 5.809}
{"timestamp": "2026-08-03T05:51:11.331674+00:00", "service": "backend", "level": "INFO", "message": "health check ok", "request_id": "54d4c2c8-449c-4fd0-9a27-2836548feb8d", "endpoint": "/health", "status_code": 200}
{"timestamp": "2026-08-03T05:51:11.332424+00:00", "service": "backend", "level": "INFO", "message": "request completed", "request_id": "54d4c2c8-449c-4fd0-9a27-2836548feb8d", "method": "GET", "endpoint": "/health", "status_code": 200, "elapsed_ms": 1.326}
{"timestamp": "2026-08-03T05:51:24.006026+00:00", "service": "backend", "level": "INFO", "message": "health check ok", "request_id": "fa68b1d7-695a-43b7-a4ed-543754244786", "endpoint": "/health", "status_code": 200}
{"timestamp": "2026-08-03T05:51:24.006749+00:00", "service": "backend", "level": "INFO", "message": "request completed", "request_id": "fa68b1d7-695a-43b7-a4ed-543754244786", "method": "GET", "endpoint": "/health", "status_code": 200, "elapsed_ms": 1.553}
{"timestamp": "2026-08-03T05:51:39.363071+00:00", "service": "backend", "level": "INFO", "message": "health check ok", "request_id": "20d41eb5-8405-4758-ae2f-ef882d73545b", "endpoint": "/health", "status_code": 200}
{"timestamp": "2026-08-03T05:51:39.364216+00:00", "service": "backend", "level": "INFO", "message": "request completed", "request_id": "20d41eb5-8405-4758-ae2f-ef882d73545b", "method": "GET", "endpoint": "/health", "status_code": 200, "elapsed_ms": 1.715}
{"timestamp": "2026-08-03T05:51:52.038470+00:00", "service": "backend", "level": "INFO", "message": "health check ok", "request_id": "5c218cb8-e490-45fb-aa6b-736cc5de05f0", "endpoint": "/health", "status_code": 200}
{"timestamp": "2026-08-03T05:51:52.039366+00:00", "service": "backend", "level": "INFO", "message": "request completed", "request_id": "5c218cb8-e490-45fb-aa6b-736cc5de05f0", "method": "GET", "endpoint": "/health", "status_code": 200, "elapsed_ms": 2.134}
{"timestamp": "2026-08-03T05:52:07.443387+00:00", "service": "backend", "level": "INFO", "message": "health check ok", "request_id": "6c625b15-8f4b-4496-b540-70e64eee868e", "endpoint": "/health", "status_code": 200}
{"timestamp": "2026-08-03T05:52:07.444261+00:00", "service": "backend", "level": "INFO", "message": "request completed", "request_id": "6c625b15-8f4b-4496-b540-70e64eee868e", "method": "GET", "endpoint": "/health", "status_code": 200, "elapsed_ms": 1.948}
{"timestamp": "2026-08-03T05:52:20.209631+00:00", "service": "backend", "level": "INFO", "message": "health check ok", "request_id": "556ed0fd-968b-4782-bffd-d0d5f64de685", "endpoint": "/health", "status_code": 200}
{"timestamp": "2026-08-03T05:52:20.210233+00:00", "service": "backend", "level": "INFO", "message": "request completed", "request_id": "556ed0fd-968b-4782-bffd-d0d5f64de685", "method": "GET", "endpoint": "/health", "status_code": 200, "elapsed_ms": 1.268}
{"timestamp": "2026-08-03T05:52:31.104535+00:00", "service": "backend", "level": "INFO", "message": "request completed", "request_id": "84bd80a1-da32-4d8d-af90-cd8d3ffd035b", "method": "GET", "endpoint": "/api/v1/solicitudes", "status_code": 200, "elapsed_ms": 10.785}
{"timestamp": "2026-08-03T05:52:35.587440+00:00", "service": "backend", "level": "INFO", "message": "health check ok", "request_id": "1e6a23e1-9c21-4126-a68c-2955592c43c4", "endpoint": "/health", "status_code": 200}
{"timestamp": "2026-08-03T05:52:35.588109+00:00", "service": "backend", "level": "INFO", "message": "request completed", "request_id": "1e6a23e1-9c21-4126-a68c-2955592c43c4", "method": "GET", "endpoint": "/health", "status_code": 200, "elapsed_ms": 1.29}
{"timestamp": "2026-08-03T05:52:42.061361+00:00", "service": "backend", "level": "INFO", "message": "request completed", "request_id": "4fc9d964-bbbb-4784-a554-178ea3204345", "method": "GET", "endpoint": "/api/v1/solicitudes", "status_code": 405, "elapsed_ms": 0.386}
{"timestamp": "2026-08-03T05:52:48.259819+00:00", "service": "backend", "level": "INFO", "message": "health check ok", "request_id": "e47f1b9e-f6b2-4798-ba0e-22060c89740c", "endpoint": "/health", "status_code": 200}
{"timestamp": "2026-08-03T05:52:48.260556+00:00", "service": "backend", "level": "INFO", "message": "request completed", "request_id": "e47f1b9e-f6b2-4798-ba0e-22060c89740c", "method": "GET", "endpoint": "/health", "status_code": 200, "elapsed_ms": 1.41}
{"timestamp": "2026-08-03T05:53:08.231447+00:00", "service": "backend", "level": "INFO", "message": "health check ok", "request_id": "a9bc67e0-7ac4-43c5-93cf-954731e9ca76", "endpoint": "/health", "status_code": 200}
{"timestamp": "2026-08-03T05:53:08.232670+00:00", "service": "backend", "level": "INFO", "message": "request completed", "request_id": "a9bc67e0-7ac4-43c5-93cf-954731e9ca76", "method": "GET", "endpoint": "/health", "status_code": 200, "elapsed_ms": 6.648}
{"timestamp": "2026-08-03T05:53:12.613955+00:00", "service": "backend", "level": "INFO", "message": "request completed", "request_id": "9e75d821-8bd3-4564-895b-fac33629dbe7", "method": "POST", "endpoint": "/api/v1/solicitudes", "status_code": 201, "elapsed_ms": 7.869}
{"timestamp": "2026-08-03T05:53:12.629255+00:00", "service": "backend", "level": "WARNING", "message": "A solicitud with this external ID already exists", "request_id": "8ca73fec-8aa5-4a12-977f-b5c1226ebe23", "method": "POST", "endpoint": "/api/v1/solicitudes", "status_code": 409, "error": {"type": "ConflictError", "detail": "A solicitud with this external ID already exists"}}
{"timestamp": "2026-08-03T05:53:12.630008+00:00", "service": "backend", "level": "INFO", "message": "request completed", "request_id": "8ca73fec-8aa5-4a12-977f-b5c1226ebe23", "method": "POST", "endpoint": "/api/v1/solicitudes", "status_code": 409, "elapsed_ms": 5.478}
{"timestamp": "2026-08-03T05:53:12.647073+00:00", "service": "backend", "level": "INFO", "message": "health check ok", "request_id": "9a7c306c-e6c0-461c-9118-bdf41d355308", "endpoint": "/health", "status_code": 200}
{"timestamp": "2026-08-03T05:53:12.647791+00:00", "service": "backend", "level": "INFO", "message": "request completed", "request_id": "9a7c306c-e6c0-461c-9118-bdf41d355308", "method": "GET", "endpoint": "/health", "status_code": 200, "elapsed_ms": 8.53}
{"timestamp": "2026-08-03T05:53:12.661096+00:00", "service": "backend", "level": "INFO", "message": "database readiness check ok", "request_id": "20207d50-2853-4361-a7af-c501b560c87a", "endpoint": "/health/ready", "status_code": 200}
{"timestamp": "2026-08-03T05:53:12.661542+00:00", "service": "backend", "level": "INFO", "message": "request completed", "request_id": "20207d50-2853-4361-a7af-c501b560c87a", "method": "GET", "endpoint": "/health/ready", "status_code": 200, "elapsed_ms": 6.335}
{"timestamp": "2026-08-03T05:53:12.668892+00:00", "service": "backend", "level": "ERROR", "message": "database readiness check failed", "request_id": "41cd750d-513c-45f2-ac6d-510e46682cd2", "endpoint": "/health/ready", "status_code": 503, "error": {"type": "ConnectionError", "detail": "database is down"}}
{"timestamp": "2026-08-03T05:53:12.669437+00:00", "service": "backend", "level": "WARNING", "message": "Database is unavailable", "request_id": "41cd750d-513c-45f2-ac6d-510e46682cd2", "method": "GET", "endpoint": "/health/ready", "status_code": 503, "error": {"type": "DatabaseUnavailableError", "detail": "Database is unavailable"}}
{"timestamp": "2026-08-03T05:53:12.670323+00:00", "service": "backend", "level": "ERROR", "message": "request completed", "request_id": "41cd750d-513c-45f2-ac6d-510e46682cd2", "method": "GET", "endpoint": "/health/ready", "status_code": 503, "elapsed_ms": 3.736}
{"timestamp": "2026-08-03T05:53:12.696113+00:00", "service": "backend", "level": "INFO", "message": "request completed", "request_id": "291deb08-8872-4677-abf2-28368cfabea8", "method": "GET", "endpoint": "/api/v1/solicitudes", "status_code": 200, "elapsed_ms": 8.625}
{"timestamp": "2026-08-03T05:53:10.116766+00:00", "service": "backend", "level": "INFO", "message": "request completed", "request_id": "9afbe74e-d56d-4ff6-a38f-db4cdf3d6823", "method": "GET", "endpoint": "/api/v1/solicitudes", "status_code": 200, "elapsed_ms": 55.36}
{"timestamp": "2026-08-03T05:53:20.867148+00:00", "service": "backend", "level": "INFO", "message": "health check ok", "request_id": "ae64eb99-4388-4fa0-b213-2925ce162391", "endpoint": "/health", "status_code": 200}
{"timestamp": "2026-08-03T05:53:20.867797+00:00", "service": "backend", "level": "INFO", "message": "request completed", "request_id": "ae64eb99-4388-4fa0-b213-2925ce162391", "method": "GET", "endpoint": "/health", "status_code": 200, "elapsed_ms": 1.221}
{"timestamp": "2026-08-03T05:53:36.293162+00:00", "service": "backend", "level": "INFO", "message": "health check ok", "request_id": "b75baf53-8269-47c9-960f-3bdbf36e1144", "endpoint": "/health", "status_code": 200}
{"timestamp": "2026-08-03T05:53:36.294413+00:00", "service": "backend", "level": "INFO", "message": "request completed", "request_id": "b75baf53-8269-47c9-960f-3bdbf36e1144", "method": "GET", "endpoint": "/health", "status_code": 200, "elapsed_ms": 2.721}
{"timestamp": "2026-08-03T05:53:48.948161+00:00", "service": "backend", "level": "INFO", "message": "health check ok", "request_id": "0b620aaf-3956-4c01-9935-d6718a2222cb", "endpoint": "/health", "status_code": 200}
{"timestamp": "2026-08-03T05:53:48.949135+00:00", "service": "backend", "level": "INFO", "message": "request completed", "request_id": "0b620aaf-3956-4c01-9935-d6718a2222cb", "method": "GET", "endpoint": "/health", "status_code": 200, "elapsed_ms": 2.13}
{"timestamp": "2026-08-03T05:54:04.303990+00:00", "service": "backend", "level": "INFO", "message": "health check ok", "request_id": "a2cd4b7b-e9ba-4151-b7b3-0ca97da3d47a", "endpoint": "/health", "status_code": 200}
{"timestamp": "2026-08-03T05:54:04.304524+00:00", "service": "backend", "level": "INFO", "message": "request completed", "request_id": "a2cd4b7b-e9ba-4151-b7b3-0ca97da3d47a", "method": "GET", "endpoint": "/health", "status_code": 200, "elapsed_ms": 1.309}
{"timestamp": "2026-08-03T05:54:17.114590+00:00", "service": "backend", "level": "INFO", "message": "health check ok", "request_id": "83cd188c-8c0b-4841-bb48-9a71524186f4", "endpoint": "/health", "status_code": 200}
{"timestamp": "2026-08-03T05:54:17.116334+00:00", "service": "backend", "level": "INFO", "message": "request completed", "request_id": "83cd188c-8c0b-4841-bb48-9a71524186f4", "method": "GET", "endpoint": "/health", "status_code": 200, "elapsed_ms": 4.331}
{"timestamp": "2026-08-03T05:54:32.507161+00:00", "service": "backend", "level": "INFO", "message": "health check ok", "request_id": "612fc45f-02eb-41c0-9ba1-907bde9d39ca", "endpoint": "/health", "status_code": 200}
{"timestamp": "2026-08-03T05:54:32.507776+00:00", "service": "backend", "level": "INFO", "message": "request completed", "request_id": "612fc45f-02eb-41c0-9ba1-907bde9d39ca", "method": "GET", "endpoint": "/health", "status_code": 200, "elapsed_ms": 1.268}
{"timestamp": "2026-08-03T05:54:47.380071+00:00", "service": "backend", "level": "INFO", "message": "health check ok", "request_id": "1e7842d8-4426-4174-9360-47cc8ba8a473", "endpoint": "/health", "status_code": 200}
{"timestamp": "2026-08-03T05:54:47.380759+00:00", "service": "backend", "level": "INFO", "message": "request completed", "request_id": "1e7842d8-4426-4174-9360-47cc8ba8a473", "method": "GET", "endpoint": "/health", "status_code": 200, "elapsed_ms": 6.616}
{"timestamp": "2026-08-03T05:55:00.038821+00:00", "service": "backend", "level": "INFO", "message": "health check ok", "request_id": "a1df219f-292d-4666-886d-5813ebb3e6ce", "endpoint": "/health", "status_code": 200}
{"timestamp": "2026-08-03T05:55:00.039541+00:00", "service": "backend", "level": "INFO", "message": "request completed", "request_id": "a1df219f-292d-4666-886d-5813ebb3e6ce", "method": "GET", "endpoint": "/health", "status_code": 200, "elapsed_ms": 1.292}
{"timestamp": "2026-08-03T05:55:15.405988+00:00", "service": "backend", "level": "INFO", "message": "health check ok", "request_id": "ef8933ac-d498-4870-be05-06c1e5331f4d", "endpoint": "/health", "status_code": 200}
{"timestamp": "2026-08-03T05:55:15.406714+00:00", "service": "backend", "level": "INFO", "message": "request completed", "request_id": "ef8933ac-d498-4870-be05-06c1e5331f4d", "method": "GET", "endpoint": "/health", "status_code": 200, "elapsed_ms": 1.382}
{"timestamp": "2026-08-03T05:55:18.672504+00:00", "service": "backend", "level": "INFO", "message": "request completed", "request_id": "ddb596be-e75c-4611-8971-f25541bc06f5", "method": "POST", "endpoint": "/api/v1/solicitudes", "status_code": 201, "elapsed_ms": 13.286}
{"timestamp": "2026-08-03T05:55:18.686712+00:00", "service": "backend", "level": "WARNING", "message": "A solicitud with this external ID already exists", "request_id": "4ce8af80-d590-487d-9036-fa69c897bbc1", "method": "POST", "endpoint": "/api/v1/solicitudes", "status_code": 409, "error": {"type": "ConflictError", "detail": "A solicitud with this external ID already exists"}}
{"timestamp": "2026-08-03T05:55:18.687407+00:00", "service": "backend", "level": "INFO", "message": "request completed", "request_id": "4ce8af80-d590-487d-9036-fa69c897bbc1", "method": "POST", "endpoint": "/api/v1/solicitudes", "status_code": 409, "elapsed_ms": 7.004}
{"timestamp": "2026-08-03T05:55:18.696770+00:00", "service": "backend", "level": "INFO", "message": "health check ok", "request_id": "ebc15dbd-ad47-4654-abb0-ce9a4772e78b", "endpoint": "/health", "status_code": 200}
{"timestamp": "2026-08-03T05:55:18.697405+00:00", "service": "backend", "level": "INFO", "message": "request completed", "request_id": "ebc15dbd-ad47-4654-abb0-ce9a4772e78b", "method": "GET", "endpoint": "/health", "status_code": 200, "elapsed_ms": 5.148}
{"timestamp": "2026-08-03T05:55:18.710522+00:00", "service": "backend", "level": "INFO", "message": "database readiness check ok", "request_id": "972fd950-b0eb-4b2e-a0b5-b8edfff1e6b2", "endpoint": "/health/ready", "status_code": 200}
{"timestamp": "2026-08-03T05:55:18.711205+00:00", "service": "backend", "level": "INFO", "message": "request completed", "request_id": "972fd950-b0eb-4b2e-a0b5-b8edfff1e6b2", "method": "GET", "endpoint": "/health/ready", "status_code": 200, "elapsed_ms": 3.195}
{"timestamp": "2026-08-03T05:55:18.718448+00:00", "service": "backend", "level": "ERROR", "message": "database readiness check failed", "request_id": "6ca0aa2c-408d-4bab-9be8-f79cd1daae45", "endpoint": "/health/ready", "status_code": 503, "error": {"type": "ConnectionError", "detail": "database is down"}}
{"timestamp": "2026-08-03T05:55:18.718700+00:00", "service": "backend", "level": "WARNING", "message": "Database is unavailable", "request_id": "6ca0aa2c-408d-4bab-9be8-f79cd1daae45", "method": "GET", "endpoint": "/health/ready", "status_code": 503, "error": {"type": "DatabaseUnavailableError", "detail": "Database is unavailable"}}
{"timestamp": "2026-08-03T05:55:18.718984+00:00", "service": "backend", "level": "ERROR", "message": "request completed", "request_id": "6ca0aa2c-408d-4bab-9be8-f79cd1daae45", "method": "GET", "endpoint": "/health/ready", "status_code": 503, "elapsed_ms": 2.557}
{"timestamp": "2026-08-03T05:55:18.743178+00:00", "service": "backend", "level": "INFO", "message": "request completed", "request_id": "08857144-ba76-4e7a-87ba-1de41df06a39", "method": "GET", "endpoint": "/api/v1/solicitudes", "status_code": 200, "elapsed_ms": 11.179}
{"timestamp": "2026-08-03T05:55:24.596415+00:00", "service": "backend", "level": "INFO", "message": "request completed", "request_id": "5b88b082-e9f9-464a-98b5-27770733078b", "method": "POST", "endpoint": "/api/v1/solicitudes", "status_code": 201, "elapsed_ms": 10.476}
{"timestamp": "2026-08-03T05:55:24.606954+00:00", "service": "backend", "level": "WARNING", "message": "A solicitud with this external ID already exists", "request_id": "1201aabd-2f0f-4d88-92b7-c7a9b29007db", "method": "POST", "endpoint": "/api/v1/solicitudes", "status_code": 409, "error": {"type": "ConflictError", "detail": "A solicitud with this external ID already exists"}}
{"timestamp": "2026-08-03T05:55:24.607618+00:00", "service": "backend", "level": "INFO", "message": "request completed", "request_id": "1201aabd-2f0f-4d88-92b7-c7a9b29007db", "method": "POST", "endpoint": "/api/v1/solicitudes", "status_code": 409, "elapsed_ms": 4.398}
{"timestamp": "2026-08-03T05:55:24.618945+00:00", "service": "backend", "level": "INFO", "message": "health check ok", "request_id": "ff1e99b4-7abe-431b-90d6-fee31fd9863a", "endpoint": "/health", "status_code": 200}
{"timestamp": "2026-08-03T05:55:24.619861+00:00", "service": "backend", "level": "INFO", "message": "request completed", "request_id": "ff1e99b4-7abe-431b-90d6-fee31fd9863a", "method": "GET", "endpoint": "/health", "status_code": 200, "elapsed_ms": 5.341}
{"timestamp": "2026-08-03T05:55:24.628810+00:00", "service": "backend", "level": "INFO", "message": "database readiness check ok", "request_id": "d1909cff-3e4a-4bf1-adb5-34e33cbd402f", "endpoint": "/health/ready", "status_code": 200}
{"timestamp": "2026-08-03T05:55:24.629400+00:00", "service": "backend", "level": "INFO", "message": "request completed", "request_id": "d1909cff-3e4a-4bf1-adb5-34e33cbd402f", "method": "GET", "endpoint": "/health/ready", "status_code": 200, "elapsed_ms": 3.685}
{"timestamp": "2026-08-03T05:55:24.639107+00:00", "service": "backend", "level": "ERROR", "message": "database readiness check failed", "request_id": "f4de32c1-3890-4a2d-b944-df967f9d78d1", "endpoint": "/health/ready", "status_code": 503, "error": {"type": "ConnectionError", "detail": "database is down"}}
{"timestamp": "2026-08-03T05:55:24.639465+00:00", "service": "backend", "level": "WARNING", "message": "Database is unavailable", "request_id": "f4de32c1-3890-4a2d-b944-df967f9d78d1", "method": "GET", "endpoint": "/health/ready", "status_code": 503, "error": {"type": "DatabaseUnavailableError", "detail": "Database is unavailable"}}
{"timestamp": "2026-08-03T05:55:24.639881+00:00", "service": "backend", "level": "ERROR", "message": "request completed", "request_id": "f4de32c1-3890-4a2d-b944-df967f9d78d1", "method": "GET", "endpoint": "/health/ready", "status_code": 503, "elapsed_ms": 3.143}
{"timestamp": "2026-08-03T05:55:24.657070+00:00", "service": "backend", "level": "INFO", "message": "request completed", "request_id": "d52af314-4622-4ab6-abb1-0848292c28a4", "method": "GET", "endpoint": "/api/v1/solicitudes", "status_code": 200, "elapsed_ms": 11.121}
{"timestamp": "2026-08-03T05:55:28.003135+00:00", "service": "backend", "level": "INFO", "message": "health check ok", "request_id": "d5363a2d-6f52-474b-a0e8-097bb5d89553", "endpoint": "/health", "status_code": 200}
{"timestamp": "2026-08-03T05:55:28.003926+00:00", "service": "backend", "level": "INFO", "message": "request completed", "request_id": "d5363a2d-6f52-474b-a0e8-097bb5d89553", "method": "GET", "endpoint": "/health", "status_code": 200, "elapsed_ms": 1.614}
{"timestamp": "2026-08-03T05:55:43.464565+00:00", "service": "backend", "level": "INFO", "message": "health check ok", "request_id": "ad25edc1-8017-4ee0-a8f8-056531468de3", "endpoint": "/health", "status_code": 200}
{"timestamp": "2026-08-03T05:55:43.465468+00:00", "service": "backend", "level": "INFO", "message": "request completed", "request_id": "ad25edc1-8017-4ee0-a8f8-056531468de3", "method": "GET", "endpoint": "/health", "status_code": 200, "elapsed_ms": 1.722}
{"timestamp": "2026-08-03T05:55:56.079477+00:00", "service": "backend", "level": "INFO", "message": "health check ok", "request_id": "0cb984f2-0c5b-45e4-a46b-188dc0255126", "endpoint": "/health", "status_code": 200}
{"timestamp": "2026-08-03T05:55:56.080210+00:00", "service": "backend", "level": "INFO", "message": "request completed", "request_id": "0cb984f2-0c5b-45e4-a46b-188dc0255126", "method": "GET", "endpoint": "/health", "status_code": 200, "elapsed_ms": 1.554}
{"timestamp": "2026-08-03T05:56:11.496384+00:00", "service": "backend", "level": "INFO", "message": "health check ok", "request_id": "301f470b-c486-4af2-a24c-6e53ea78194a", "endpoint": "/health", "status_code": 200}
{"timestamp": "2026-08-03T05:56:11.496954+00:00", "service": "backend", "level": "INFO", "message": "request completed", "request_id": "301f470b-c486-4af2-a24c-6e53ea78194a", "method": "GET", "endpoint": "/health", "status_code": 200, "elapsed_ms": 1.29}
{"timestamp": "2026-08-03T05:56:24.085859+00:00", "service": "backend", "level": "INFO", "message": "health check ok", "request_id": "15d39f9f-2237-4b9e-9d19-cfa76293aa47", "endpoint": "/health", "status_code": 200}
{"timestamp": "2026-08-03T05:56:24.086726+00:00", "service": "backend", "level": "INFO", "message": "request completed", "request_id": "15d39f9f-2237-4b9e-9d19-cfa76293aa47", "method": "GET", "endpoint": "/health", "status_code": 200, "elapsed_ms": 2.083}
{"timestamp": "2026-08-03T05:56:39.415593+00:00", "service": "backend", "level": "INFO", "message": "health check ok", "request_id": "f534d005-4f4e-42cb-a728-e4f2c3723c33", "endpoint": "/health", "status_code": 200}
{"timestamp": "2026-08-03T05:56:39.416485+00:00", "service": "backend", "level": "INFO", "message": "request completed", "request_id": "f534d005-4f4e-42cb-a728-e4f2c3723c33", "method": "GET", "endpoint": "/health", "status_code": 200, "elapsed_ms": 1.525}
{"timestamp": "2026-08-03T05:56:52.093042+00:00", "service": "backend", "level": "INFO", "message": "health check ok", "request_id": "c39e7f82-f54f-42be-8b82-aaa258a2d2e8", "endpoint": "/health", "status_code": 200}
{"timestamp": "2026-08-03T05:56:52.093718+00:00", "service": "backend", "level": "INFO", "message": "request completed", "request_id": "c39e7f82-f54f-42be-8b82-aaa258a2d2e8", "method": "GET", "endpoint": "/health", "status_code": 200, "elapsed_ms": 1.413}
{"timestamp": "2026-08-03T05:57:07.740450+00:00", "service": "backend", "level": "INFO", "message": "health check ok", "request_id": "306df03b-ea2f-467f-b2db-52b68e952a92", "endpoint": "/health", "status_code": 200}
{"timestamp": "2026-08-03T05:57:07.741194+00:00", "service": "backend", "level": "INFO", "message": "request completed", "request_id": "306df03b-ea2f-467f-b2db-52b68e952a92", "method": "GET", "endpoint": "/health", "status_code": 200, "elapsed_ms": 1.705}
{"timestamp": "2026-08-03T05:57:20.370216+00:00", "service": "backend", "level": "INFO", "message": "health check ok", "request_id": "dbe19b54-bd86-4e00-aaae-3e57b7a4d3ef", "endpoint": "/health", "status_code": 200}
{"timestamp": "2026-08-03T05:57:20.372559+00:00", "service": "backend", "level": "INFO", "message": "request completed", "request_id": "dbe19b54-bd86-4e00-aaae-3e57b7a4d3ef", "method": "GET", "endpoint": "/health", "status_code": 200, "elapsed_ms": 3.571}
{"timestamp": "2026-08-03T05:57:35.706334+00:00", "service": "backend", "level": "INFO", "message": "health check ok", "request_id": "f5d5774f-4b73-42a3-a01c-5596b60eb3c5", "endpoint": "/health", "status_code": 200}
{"timestamp": "2026-08-03T05:57:35.707058+00:00", "service": "backend", "level": "INFO", "message": "request completed", "request_id": "f5d5774f-4b73-42a3-a01c-5596b60eb3c5", "method": "GET", "endpoint": "/health", "status_code": 200, "elapsed_ms": 1.408}
{"timestamp": "2026-08-03T05:57:48.322662+00:00", "service": "backend", "level": "INFO", "message": "health check ok", "request_id": "8b2adbe9-8f1b-4a83-a2e5-9faaf0c354a9", "endpoint": "/health", "status_code": 200}
{"timestamp": "2026-08-03T05:57:48.323485+00:00", "service": "backend", "level": "INFO", "message": "request completed", "request_id": "8b2adbe9-8f1b-4a83-a2e5-9faaf0c354a9", "method": "GET", "endpoint": "/health", "status_code": 200, "elapsed_ms": 1.507}
{"timestamp": "2026-08-03T05:58:03.991843+00:00", "service": "backend", "level": "INFO", "message": "health check ok", "request_id": "f45e6bb3-ea90-422a-814f-143c4142b18d", "endpoint": "/health", "status_code": 200}
{"timestamp": "2026-08-03T05:58:03.992493+00:00", "service": "backend", "level": "INFO", "message": "request completed", "request_id": "f45e6bb3-ea90-422a-814f-143c4142b18d", "method": "GET", "endpoint": "/health", "status_code": 200, "elapsed_ms": 1.28}
{"timestamp": "2026-08-03T05:58:16.597297+00:00", "service": "backend", "level": "INFO", "message": "health check ok", "request_id": "3128ad2c-af34-43db-9f90-7ff37f49b46c", "endpoint": "/health", "status_code": 200}
{"timestamp": "2026-08-03T05:58:16.597862+00:00", "service": "backend", "level": "INFO", "message": "request completed", "request_id": "3128ad2c-af34-43db-9f90-7ff37f49b46c", "method": "GET", "endpoint": "/health", "status_code": 200, "elapsed_ms": 1.378}
{"timestamp": "2026-08-03T05:58:32.230094+00:00", "service": "backend", "level": "INFO", "message": "health check ok", "request_id": "648047f9-8de9-4e8a-9380-7201c6445da4", "endpoint": "/health", "status_code": 200}
{"timestamp": "2026-08-03T05:58:32.231121+00:00", "service": "backend", "level": "INFO", "message": "request completed", "request_id": "648047f9-8de9-4e8a-9380-7201c6445da4", "method": "GET", "endpoint": "/health", "status_code": 200, "elapsed_ms": 1.73}
{"timestamp": "2026-08-03T05:58:40.849470+00:00", "service": "backend", "level": "INFO", "message": "request completed", "request_id": "f09bc4cd-f08f-4f07-85b7-757fcab8896b", "method": "GET", "endpoint": "/api/v1/solicitudes/12345678-1234-5678-1234-567812345678", "status_code": 200, "elapsed_ms": 8.893}
{"timestamp": "2026-08-03T05:58:40.863407+00:00", "service": "backend", "level": "WARNING", "message": "Solicitud was not found", "request_id": "1e3cad51-4bea-48d2-b8e9-4c7a94e14378", "method": "GET", "endpoint": "/api/v1/solicitudes/00000000-0000-0000-0000-000000000000", "status_code": 404, "error": {"type": "ResourceNotFoundError", "detail": "Solicitud was not found"}}
{"timestamp": "2026-08-03T05:58:40.864340+00:00", "service": "backend", "level": "INFO", "message": "request completed", "request_id": "1e3cad51-4bea-48d2-b8e9-4c7a94e14378", "method": "GET", "endpoint": "/api/v1/solicitudes/00000000-0000-0000-0000-000000000000", "status_code": 404, "elapsed_ms": 7.759}
{"timestamp": "2026-08-03T05:58:44.872996+00:00", "service": "backend", "level": "INFO", "message": "health check ok", "request_id": "29d3aa06-c1ee-4482-8e0c-953a62413cec", "endpoint": "/health", "status_code": 200}
{"timestamp": "2026-08-03T05:58:44.873776+00:00", "service": "backend", "level": "INFO", "message": "request completed", "request_id": "29d3aa06-c1ee-4482-8e0c-953a62413cec", "method": "GET", "endpoint": "/health", "status_code": 200, "elapsed_ms": 1.738}
{"timestamp": "2026-08-03T05:58:55.595869+00:00", "service": "backend", "level": "INFO", "message": "request completed", "request_id": "87917bf8-244e-4a77-94c4-80c20b6fb559", "method": "GET", "endpoint": "/api/v1/solicitudes", "status_code": 200, "elapsed_ms": 64.656}
{"timestamp": "2026-08-03T05:58:55.659648+00:00", "service": "backend", "level": "INFO", "message": "request completed", "request_id": "d5c28a8e-3a02-48a5-b33e-31b46ff22077", "method": "GET", "endpoint": "/api/v1/solicitudes/62466359-8b79-579a-a073-d62f8ecdd0a4", "status_code": 404, "elapsed_ms": 0.459}
{"timestamp": "2026-08-03T05:58:55.933650+00:00", "service": "backend", "level": "INFO", "message": "request completed", "request_id": "f15323a3-be12-4a28-a408-cbe601d182e7", "method": "GET", "endpoint": "/api/v1/solicitudes/00000000-0000-0000-0000-000000000000", "status_code": 404, "elapsed_ms": 0.462}
{"timestamp": "2026-08-03T05:59:00.187230+00:00", "service": "backend", "level": "INFO", "message": "health check ok", "request_id": "7891c749-3637-4875-afdf-3859fc973ba7", "endpoint": "/health", "status_code": 200}
{"timestamp": "2026-08-03T05:59:00.187786+00:00", "service": "backend", "level": "INFO", "message": "request completed", "request_id": "7891c749-3637-4875-afdf-3859fc973ba7", "method": "GET", "endpoint": "/health", "status_code": 200, "elapsed_ms": 1.729}
{"timestamp": "2026-08-03T05:59:12.775773+00:00", "service": "backend", "level": "INFO", "message": "health check ok", "request_id": "7b6c746d-b1bf-4870-a20f-80a7f5c143e6", "endpoint": "/health", "status_code": 200}
{"timestamp": "2026-08-03T05:59:12.776433+00:00", "service": "backend", "level": "INFO", "message": "request completed", "request_id": "7b6c746d-b1bf-4870-a20f-80a7f5c143e6", "method": "GET", "endpoint": "/health", "status_code": 200, "elapsed_ms": 1.209}
{"timestamp": "2026-08-03T05:59:22.859175+00:00", "service": "backend", "level": "INFO", "message": "health check ok", "request_id": "8d6ce44b-2da5-4aa3-bedb-63d3a60794b6", "endpoint": "/health", "status_code": 200}
{"timestamp": "2026-08-03T05:59:22.860047+00:00", "service": "backend", "level": "INFO", "message": "request completed", "request_id": "8d6ce44b-2da5-4aa3-bedb-63d3a60794b6", "method": "GET", "endpoint": "/health", "status_code": 200, "elapsed_ms": 6.274}
{"timestamp": "2026-08-03T05:59:25.484874+00:00", "service": "backend", "level": "INFO", "message": "request completed", "request_id": "42d0013c-1791-405e-8ba4-238b482fb3c3", "method": "POST", "endpoint": "/api/v1/solicitudes", "status_code": 201, "elapsed_ms": 10.295}
{"timestamp": "2026-08-03T05:59:25.496279+00:00", "service": "backend", "level": "WARNING", "message": "A solicitud with this external ID already exists", "request_id": "55ce09d7-ceca-4b4d-951a-95f4f6396170", "method": "POST", "endpoint": "/api/v1/solicitudes", "status_code": 409, "error": {"type": "ConflictError", "detail": "A solicitud with this external ID already exists"}}
{"timestamp": "2026-08-03T05:59:25.496933+00:00", "service": "backend", "level": "INFO", "message": "request completed", "request_id": "55ce09d7-ceca-4b4d-951a-95f4f6396170", "method": "POST", "endpoint": "/api/v1/solicitudes", "status_code": 409, "elapsed_ms": 4.774}
{"timestamp": "2026-08-03T05:59:25.507338+00:00", "service": "backend", "level": "INFO", "message": "health check ok", "request_id": "752e10ad-6486-42df-adbf-307009dc4956", "endpoint": "/health", "status_code": 200}
{"timestamp": "2026-08-03T05:59:25.508161+00:00", "service": "backend", "level": "INFO", "message": "request completed", "request_id": "752e10ad-6486-42df-adbf-307009dc4956", "method": "GET", "endpoint": "/health", "status_code": 200, "elapsed_ms": 5.664}
{"timestamp": "2026-08-03T05:59:25.516621+00:00", "service": "backend", "level": "INFO", "message": "database readiness check ok", "request_id": "42cced02-0cdd-4920-9411-1c700e3faad2", "endpoint": "/health/ready", "status_code": 200}
{"timestamp": "2026-08-03T05:59:25.517211+00:00", "service": "backend", "level": "INFO", "message": "request completed", "request_id": "42cced02-0cdd-4920-9411-1c700e3faad2", "method": "GET", "endpoint": "/health/ready", "status_code": 200, "elapsed_ms": 4.223}
{"timestamp": "2026-08-03T05:59:25.526666+00:00", "service": "backend", "level": "ERROR", "message": "database readiness check failed", "request_id": "2601166f-b3ba-4c20-9b6f-5bd6213efe74", "endpoint": "/health/ready", "status_code": 503, "error": {"type": "ConnectionError", "detail": "database is down"}}
{"timestamp": "2026-08-03T05:59:25.526944+00:00", "service": "backend", "level": "WARNING", "message": "Database is unavailable", "request_id": "2601166f-b3ba-4c20-9b6f-5bd6213efe74", "method": "GET", "endpoint": "/health/ready", "status_code": 503, "error": {"type": "DatabaseUnavailableError", "detail": "Database is unavailable"}}
{"timestamp": "2026-08-03T05:59:25.527264+00:00", "service": "backend", "level": "ERROR", "message": "request completed", "request_id": "2601166f-b3ba-4c20-9b6f-5bd6213efe74", "method": "GET", "endpoint": "/health/ready", "status_code": 503, "elapsed_ms": 4.031}
{"timestamp": "2026-08-03T05:59:25.537193+00:00", "service": "backend", "level": "INFO", "message": "request completed", "request_id": "2dd25d2f-d0d0-4a89-ba4a-c97cbd2d46fd", "method": "GET", "endpoint": "/api/v1/solicitudes/12345678-1234-5678-1234-567812345678", "status_code": 200, "elapsed_ms": 4.361}
{"timestamp": "2026-08-03T05:59:25.546031+00:00", "service": "backend", "level": "WARNING", "message": "Solicitud was not found", "request_id": "091e3c17-b1be-450c-8bce-2376bace364d", "method": "GET", "endpoint": "/api/v1/solicitudes/00000000-0000-0000-0000-000000000000", "status_code": 404, "error": {"type": "ResourceNotFoundError", "detail": "Solicitud was not found"}}
{"timestamp": "2026-08-03T05:59:25.546523+00:00", "service": "backend", "level": "INFO", "message": "request completed", "request_id": "091e3c17-b1be-450c-8bce-2376bace364d", "method": "GET", "endpoint": "/api/v1/solicitudes/00000000-0000-0000-0000-000000000000", "status_code": 404, "elapsed_ms": 2.662}
{"timestamp": "2026-08-03T05:59:25.566466+00:00", "service": "backend", "level": "INFO", "message": "request completed", "request_id": "52858657-57ec-4f8b-9bb7-ca0ba7cd91a2", "method": "GET", "endpoint": "/api/v1/solicitudes", "status_code": 200, "elapsed_ms": 15.291}
{"timestamp": "2026-08-03T05:59:27.220766+00:00", "service": "backend", "level": "INFO", "message": "request completed", "request_id": "d28e0147-20e7-44f7-a2ad-8460d31e301d", "method": "GET", "endpoint": "/api/v1/solicitudes", "status_code": 200, "elapsed_ms": 45.732}
{"timestamp": "2026-08-03T05:59:27.286930+00:00", "service": "backend", "level": "INFO", "message": "request completed", "request_id": "d3f30c14-8bab-43ed-b61f-576739d12b78", "method": "GET", "endpoint": "/api/v1/solicitudes/62466359-8b79-579a-a073-d62f8ecdd0a4", "status_code": 200, "elapsed_ms": 7.802}
{"timestamp": "2026-08-03T05:59:27.326307+00:00", "service": "backend", "level": "WARNING", "message": "Solicitud was not found", "request_id": "b8b03120-4a1c-4e0d-97cf-45b1065127c8", "method": "GET", "endpoint": "/api/v1/solicitudes/00000000-0000-0000-0000-000000000000", "status_code": 404, "error": {"type": "ResourceNotFoundError", "detail": "Solicitud was not found"}}
{"timestamp": "2026-08-03T05:59:27.326803+00:00", "service": "backend", "level": "INFO", "message": "request completed", "request_id": "b8b03120-4a1c-4e0d-97cf-45b1065127c8", "method": "GET", "endpoint": "/api/v1/solicitudes/00000000-0000-0000-0000-000000000000", "status_code": 404, "elapsed_ms": 4.826}
{"timestamp": "2026-08-03T05:59:35.600770+00:00", "service": "backend", "level": "INFO", "message": "health check ok", "request_id": "667c0294-358d-4a44-94ab-f9e00008721b", "endpoint": "/health", "status_code": 200}
{"timestamp": "2026-08-03T05:59:35.601412+00:00", "service": "backend", "level": "INFO", "message": "request completed", "request_id": "667c0294-358d-4a44-94ab-f9e00008721b", "method": "GET", "endpoint": "/health", "status_code": 200, "elapsed_ms": 1.413}
{"timestamp": "2026-08-03T05:59:51.046933+00:00", "service": "backend", "level": "INFO", "message": "health check ok", "request_id": "0fddfa89-d3e4-45a5-bebd-ff8528c5292f", "endpoint": "/health", "status_code": 200}
{"timestamp": "2026-08-03T05:59:51.047996+00:00", "service": "backend", "level": "INFO", "message": "request completed", "request_id": "0fddfa89-d3e4-45a5-bebd-ff8528c5292f", "method": "GET", "endpoint": "/health", "status_code": 200, "elapsed_ms": 3.652}
{"timestamp": "2026-08-03T06:00:04.156515+00:00", "service": "backend", "level": "INFO", "message": "health check ok", "request_id": "534a2ffb-3745-4834-9a9d-74714811683b", "endpoint": "/health", "status_code": 200}
{"timestamp": "2026-08-03T06:00:04.157639+00:00", "service": "backend", "level": "INFO", "message": "request completed", "request_id": "534a2ffb-3745-4834-9a9d-74714811683b", "method": "GET", "endpoint": "/health", "status_code": 200, "elapsed_ms": 1.831}
{"timestamp": "2026-08-03T06:00:19.570356+00:00", "service": "backend", "level": "INFO", "message": "health check ok", "request_id": "f3db09e4-6ed2-44b7-81ff-76643791980b", "endpoint": "/health", "status_code": 200}
{"timestamp": "2026-08-03T06:00:19.571153+00:00", "service": "backend", "level": "INFO", "message": "request completed", "request_id": "f3db09e4-6ed2-44b7-81ff-76643791980b", "method": "GET", "endpoint": "/health", "status_code": 200, "elapsed_ms": 1.482}
{"timestamp": "2026-08-03T06:00:32.202462+00:00", "service": "backend", "level": "INFO", "message": "health check ok", "request_id": "91b97cee-95f5-4415-912f-67702f9fa446", "endpoint": "/health", "status_code": 200}
{"timestamp": "2026-08-03T06:00:32.203112+00:00", "service": "backend", "level": "INFO", "message": "request completed", "request_id": "91b97cee-95f5-4415-912f-67702f9fa446", "method": "GET", "endpoint": "/health", "status_code": 200, "elapsed_ms": 1.35}
{"timestamp": "2026-08-03T06:00:47.529342+00:00", "service": "backend", "level": "INFO", "message": "health check ok", "request_id": "7463cf8f-7292-442b-8538-336419250c6a", "endpoint": "/health", "status_code": 200}
{"timestamp": "2026-08-03T06:00:47.530060+00:00", "service": "backend", "level": "INFO", "message": "request completed", "request_id": "7463cf8f-7292-442b-8538-336419250c6a", "method": "GET", "endpoint": "/health", "status_code": 200, "elapsed_ms": 1.433}
{"timestamp": "2026-08-03T06:01:00.176344+00:00", "service": "backend", "level": "INFO", "message": "health check ok", "request_id": "2efb81eb-6b19-43d6-ab63-cae03d6884c6", "endpoint": "/health", "status_code": 200}
{"timestamp": "2026-08-03T06:01:00.177139+00:00", "service": "backend", "level": "INFO", "message": "request completed", "request_id": "2efb81eb-6b19-43d6-ab63-cae03d6884c6", "method": "GET", "endpoint": "/health", "status_code": 200, "elapsed_ms": 1.879}
{"timestamp": "2026-08-03T06:01:15.669884+00:00", "service": "backend", "level": "INFO", "message": "health check ok", "request_id": "6553ed58-b9fb-4a19-95f7-a5b80f2fafa4", "endpoint": "/health", "status_code": 200}
{"timestamp": "2026-08-03T06:01:15.671371+00:00", "service": "backend", "level": "INFO", "message": "request completed", "request_id": "6553ed58-b9fb-4a19-95f7-a5b80f2fafa4", "method": "GET", "endpoint": "/health", "status_code": 200, "elapsed_ms": 3.436}
{"timestamp": "2026-08-03T06:01:28.508741+00:00", "service": "backend", "level": "INFO", "message": "health check ok", "request_id": "96a7113c-1943-4e3f-b862-1d5d4f3e9edc", "endpoint": "/health", "status_code": 200}
{"timestamp": "2026-08-03T06:01:28.509528+00:00", "service": "backend", "level": "INFO", "message": "request completed", "request_id": "96a7113c-1943-4e3f-b862-1d5d4f3e9edc", "method": "GET", "endpoint": "/health", "status_code": 200, "elapsed_ms": 1.512}
{"timestamp": "2026-08-03T06:01:43.852556+00:00", "service": "backend", "level": "INFO", "message": "health check ok", "request_id": "e4c75ec7-5719-4331-abb4-ddfe7829289b", "endpoint": "/health", "status_code": 200}
{"timestamp": "2026-08-03T06:01:43.853070+00:00", "service": "backend", "level": "INFO", "message": "request completed", "request_id": "e4c75ec7-5719-4331-abb4-ddfe7829289b", "method": "GET", "endpoint": "/health", "status_code": 200, "elapsed_ms": 1.274}
{"timestamp": "2026-08-03T06:01:56.527267+00:00", "service": "backend", "level": "INFO", "message": "health check ok", "request_id": "3cc97b0b-532c-40f8-bdc4-b908fc5cb744", "endpoint": "/health", "status_code": 200}
{"timestamp": "2026-08-03T06:01:56.528106+00:00", "service": "backend", "level": "INFO", "message": "request completed", "request_id": "3cc97b0b-532c-40f8-bdc4-b908fc5cb744", "method": "GET", "endpoint": "/health", "status_code": 200, "elapsed_ms": 1.773}
{"timestamp": "2026-08-03T06:02:12.002482+00:00", "service": "backend", "level": "INFO", "message": "health check ok", "request_id": "d04bf764-774e-41bf-bb0f-33b4f0d6ddb2", "endpoint": "/health", "status_code": 200}
{"timestamp": "2026-08-03T06:02:12.003623+00:00", "service": "backend", "level": "INFO", "message": "request completed", "request_id": "d04bf764-774e-41bf-bb0f-33b4f0d6ddb2", "method": "GET", "endpoint": "/health", "status_code": 200, "elapsed_ms": 3.476}
{"timestamp": "2026-08-03T06:02:24.635543+00:00", "service": "backend", "level": "INFO", "message": "health check ok", "request_id": "46c42390-443d-412a-8195-58851115aab4", "endpoint": "/health", "status_code": 200}
{"timestamp": "2026-08-03T06:02:24.636287+00:00", "service": "backend", "level": "INFO", "message": "request completed", "request_id": "46c42390-443d-412a-8195-58851115aab4", "method": "GET", "endpoint": "/health", "status_code": 200, "elapsed_ms": 1.206}
{"timestamp": "2026-08-03T06:02:39.972718+00:00", "service": "backend", "level": "INFO", "message": "health check ok", "request_id": "bde0df8e-1d18-42f6-acac-8516dfd25896", "endpoint": "/health", "status_code": 200}
{"timestamp": "2026-08-03T06:02:39.973561+00:00", "service": "backend", "level": "INFO", "message": "request completed", "request_id": "bde0df8e-1d18-42f6-acac-8516dfd25896", "method": "GET", "endpoint": "/health", "status_code": 200, "elapsed_ms": 2.471}
{"timestamp": "2026-08-03T06:02:52.886622+00:00", "service": "backend", "level": "INFO", "message": "health check ok", "request_id": "58561e3d-503a-476c-aba8-3ab82317adf2", "endpoint": "/health", "status_code": 200}
{"timestamp": "2026-08-03T06:02:52.887809+00:00", "service": "backend", "level": "INFO", "message": "request completed", "request_id": "58561e3d-503a-476c-aba8-3ab82317adf2", "method": "GET", "endpoint": "/health", "status_code": 200, "elapsed_ms": 4.319}
{"timestamp": "2026-08-03T06:03:08.606529+00:00", "service": "backend", "level": "INFO", "message": "health check ok", "request_id": "038810bf-019a-4bee-8c76-50d562867eb5", "endpoint": "/health", "status_code": 200}
{"timestamp": "2026-08-03T06:03:08.607543+00:00", "service": "backend", "level": "INFO", "message": "request completed", "request_id": "038810bf-019a-4bee-8c76-50d562867eb5", "method": "GET", "endpoint": "/health", "status_code": 200, "elapsed_ms": 2.264}
{"timestamp": "2026-08-03T06:03:21.286221+00:00", "service": "backend", "level": "INFO", "message": "health check ok", "request_id": "295b726f-4905-487d-ae89-f46b3cdc5e18", "endpoint": "/health", "status_code": 200}
{"timestamp": "2026-08-03T06:03:21.287024+00:00", "service": "backend", "level": "INFO", "message": "request completed", "request_id": "295b726f-4905-487d-ae89-f46b3cdc5e18", "method": "GET", "endpoint": "/health", "status_code": 200, "elapsed_ms": 1.451}
{"timestamp": "2026-08-03T06:03:36.744206+00:00", "service": "backend", "level": "INFO", "message": "health check ok", "request_id": "0b6bd2c7-2409-4469-9075-f1f482def963", "endpoint": "/health", "status_code": 200}
{"timestamp": "2026-08-03T06:03:36.745281+00:00", "service": "backend", "level": "INFO", "message": "request completed", "request_id": "0b6bd2c7-2409-4469-9075-f1f482def963", "method": "GET", "endpoint": "/health", "status_code": 200, "elapsed_ms": 2.317}
{"timestamp": "2026-08-03T06:03:49.452847+00:00", "service": "backend", "level": "INFO", "message": "health check ok", "request_id": "89b6ab4f-79b6-4057-aaa6-7b6fa6c59e50", "endpoint": "/health", "status_code": 200}
{"timestamp": "2026-08-03T06:03:49.453579+00:00", "service": "backend", "level": "INFO", "message": "request completed", "request_id": "89b6ab4f-79b6-4057-aaa6-7b6fa6c59e50", "method": "GET", "endpoint": "/health", "status_code": 200, "elapsed_ms": 1.568}
{"timestamp": "2026-08-03T06:04:04.974977+00:00", "service": "backend", "level": "INFO", "message": "health check ok", "request_id": "e987a1e8-da64-4f47-acd1-0bed0ee42c46", "endpoint": "/health", "status_code": 200}
{"timestamp": "2026-08-03T06:04:04.975769+00:00", "service": "backend", "level": "INFO", "message": "request completed", "request_id": "e987a1e8-da64-4f47-acd1-0bed0ee42c46", "method": "GET", "endpoint": "/health", "status_code": 200, "elapsed_ms": 1.506}
{"timestamp": "2026-08-03T06:04:17.594191+00:00", "service": "backend", "level": "INFO", "message": "health check ok", "request_id": "ea1bcf4e-507d-4f7d-a18e-5ff8c87d5281", "endpoint": "/health", "status_code": 200}
{"timestamp": "2026-08-03T06:04:17.595670+00:00", "service": "backend", "level": "INFO", "message": "request completed", "request_id": "ea1bcf4e-507d-4f7d-a18e-5ff8c87d5281", "method": "GET", "endpoint": "/health", "status_code": 200, "elapsed_ms": 3.12}
{"timestamp": "2026-08-03T06:04:32.935720+00:00", "service": "backend", "level": "INFO", "message": "health check ok", "request_id": "f0782775-a3ad-4ddf-98c2-e6a76cd3e519", "endpoint": "/health", "status_code": 200}
{"timestamp": "2026-08-03T06:04:32.936527+00:00", "service": "backend", "level": "INFO", "message": "request completed", "request_id": "f0782775-a3ad-4ddf-98c2-e6a76cd3e519", "method": "GET", "endpoint": "/health", "status_code": 200, "elapsed_ms": 1.644}
{"timestamp": "2026-08-03T06:04:45.602206+00:00", "service": "backend", "level": "INFO", "message": "health check ok", "request_id": "4a6905ef-fb4d-4c3f-8ba9-79893b988282", "endpoint": "/health", "status_code": 200}
{"timestamp": "2026-08-03T06:04:45.603543+00:00", "service": "backend", "level": "INFO", "message": "request completed", "request_id": "4a6905ef-fb4d-4c3f-8ba9-79893b988282", "method": "GET", "endpoint": "/health", "status_code": 200, "elapsed_ms": 2.024}
{"timestamp": "2026-08-03T06:04:58.441206+00:00", "service": "backend", "level": "INFO", "message": "health check ok", "request_id": "97f48658-9b7a-428e-86ed-aff8efda2ef7", "endpoint": "/health", "status_code": 200}
{"timestamp": "2026-08-03T06:04:58.442139+00:00", "service": "backend", "level": "INFO", "message": "request completed", "request_id": "97f48658-9b7a-428e-86ed-aff8efda2ef7", "method": "GET", "endpoint": "/health", "status_code": 200, "elapsed_ms": 2.056}
{"timestamp": "2026-08-03T06:05:13.833751+00:00", "service": "backend", "level": "INFO", "message": "health check ok", "request_id": "e1e89456-c501-4e3e-bc36-a1faf60e7944", "endpoint": "/health", "status_code": 200}
{"timestamp": "2026-08-03T06:05:13.834441+00:00", "service": "backend", "level": "INFO", "message": "request completed", "request_id": "e1e89456-c501-4e3e-bc36-a1faf60e7944", "method": "GET", "endpoint": "/health", "status_code": 200, "elapsed_ms": 1.41}
{"timestamp": "2026-08-03T06:05:26.465056+00:00", "service": "backend", "level": "INFO", "message": "health check ok", "request_id": "596bccee-a9bd-4d92-b56d-455521cb848d", "endpoint": "/health", "status_code": 200}
{"timestamp": "2026-08-03T06:05:26.465750+00:00", "service": "backend", "level": "INFO", "message": "request completed", "request_id": "596bccee-a9bd-4d92-b56d-455521cb848d", "method": "GET", "endpoint": "/health", "status_code": 200, "elapsed_ms": 1.275}
{"timestamp": "2026-08-03T06:05:41.859319+00:00", "service": "backend", "level": "INFO", "message": "health check ok", "request_id": "f52abbac-62d5-4747-ac5c-20157e1832e3", "endpoint": "/health", "status_code": 200}
{"timestamp": "2026-08-03T06:05:41.860201+00:00", "service": "backend", "level": "INFO", "message": "request completed", "request_id": "f52abbac-62d5-4747-ac5c-20157e1832e3", "method": "GET", "endpoint": "/health", "status_code": 200, "elapsed_ms": 1.564}
{"timestamp": "2026-08-03T06:05:50.898248+00:00", "service": "backend", "level": "INFO", "message": "request completed", "request_id": "5e353cfb-9998-4bc9-bd3e-10cd8bfd16cb", "method": "PATCH", "endpoint": "/api/v1/solicitudes/12345678-1234-5678-1234-567812345678/estado", "status_code": 200, "elapsed_ms": 9.861}
{"timestamp": "2026-08-03T06:05:50.912695+00:00", "service": "backend", "level": "WARNING", "message": "Solicitud was not found", "request_id": "9d6bb206-f62e-4871-b15b-05094458184b", "method": "PATCH", "endpoint": "/api/v1/solicitudes/00000000-0000-0000-0000-000000000000/estado", "status_code": 404, "error": {"type": "ResourceNotFoundError", "detail": "Solicitud was not found"}}
{"timestamp": "2026-08-03T06:05:50.913169+00:00", "service": "backend", "level": "INFO", "message": "request completed", "request_id": "9d6bb206-f62e-4871-b15b-05094458184b", "method": "PATCH", "endpoint": "/api/v1/solicitudes/00000000-0000-0000-0000-000000000000/estado", "status_code": 404, "elapsed_ms": 7.242}
{"timestamp": "2026-08-03T06:05:50.923397+00:00", "service": "backend", "level": "INFO", "message": "request completed", "request_id": "7f7bda20-2216-4b84-b098-0fa5a861b6e9", "method": "PATCH", "endpoint": "/api/v1/solicitudes/12345678-1234-5678-1234-567812345678/estado", "status_code": 422, "elapsed_ms": 5.376}
{"timestamp": "2026-08-03T06:05:54.527511+00:00", "service": "backend", "level": "INFO", "message": "health check ok", "request_id": "1ec80317-54b8-4b90-a4d1-4f34b28c82dd", "endpoint": "/health", "status_code": 200}
{"timestamp": "2026-08-03T06:05:54.528166+00:00", "service": "backend", "level": "INFO", "message": "request completed", "request_id": "1ec80317-54b8-4b90-a4d1-4f34b28c82dd", "method": "GET", "endpoint": "/health", "status_code": 200, "elapsed_ms": 1.244}
{"timestamp": "2026-08-03T06:06:08.177036+00:00", "service": "backend", "level": "INFO", "message": "request completed", "request_id": "76b11c30-72bb-4a90-a03c-b6838489276c", "method": "GET", "endpoint": "/api/v1/solicitudes", "status_code": 200, "elapsed_ms": 23.549}
{"timestamp": "2026-08-03T06:06:08.242437+00:00", "service": "backend", "level": "INFO", "message": "request completed", "request_id": "5a11f3e1-277a-407b-aa8b-91b67bda4973", "method": "PATCH", "endpoint": "/api/v1/solicitudes/62466359-8b79-579a-a073-d62f8ecdd0a4/estado", "status_code": 404, "elapsed_ms": 0.493}
{"timestamp": "2026-08-03T06:06:08.322737+00:00", "service": "backend", "level": "INFO", "message": "request completed", "request_id": "4d2d2b0f-a296-402c-ae3e-6bdc4c12af03", "method": "PATCH", "endpoint": "/api/v1/solicitudes/62466359-8b79-579a-a073-d62f8ecdd0a4/estado", "status_code": 404, "elapsed_ms": 0.672}
{"timestamp": "2026-08-03T06:06:09.885675+00:00", "service": "backend", "level": "INFO", "message": "health check ok", "request_id": "2fab44ee-d85c-4f1c-a93f-8c56c69a7857", "endpoint": "/health", "status_code": 200}
{"timestamp": "2026-08-03T06:06:09.886635+00:00", "service": "backend", "level": "INFO", "message": "request completed", "request_id": "2fab44ee-d85c-4f1c-a93f-8c56c69a7857", "method": "GET", "endpoint": "/health", "status_code": 200, "elapsed_ms": 2.161}
{"timestamp": "2026-08-03T06:06:22.669036+00:00", "service": "backend", "level": "INFO", "message": "health check ok", "request_id": "3431d6a2-4b84-418c-bfcd-559af7e02549", "endpoint": "/health", "status_code": 200}
{"timestamp": "2026-08-03T06:06:22.669810+00:00", "service": "backend", "level": "INFO", "message": "request completed", "request_id": "3431d6a2-4b84-418c-bfcd-559af7e02549", "method": "GET", "endpoint": "/health", "status_code": 200, "elapsed_ms": 1.34}
{"timestamp": "2026-08-03T06:06:36.529660+00:00", "service": "backend", "level": "INFO", "message": "health check ok", "request_id": "f86eaef8-fbaf-4149-accb-c15b37543351", "endpoint": "/health", "status_code": 200}
{"timestamp": "2026-08-03T06:06:36.530568+00:00", "service": "backend", "level": "INFO", "message": "request completed", "request_id": "f86eaef8-fbaf-4149-accb-c15b37543351", "method": "GET", "endpoint": "/health", "status_code": 200, "elapsed_ms": 6.148}
{"timestamp": "2026-08-03T06:06:39.497509+00:00", "service": "backend", "level": "INFO", "message": "request completed", "request_id": "96722663-c7e5-4da6-b0fd-a0745d863b73", "method": "POST", "endpoint": "/api/v1/solicitudes", "status_code": 201, "elapsed_ms": 8.672}
{"timestamp": "2026-08-03T06:06:39.511623+00:00", "service": "backend", "level": "WARNING", "message": "A solicitud with this external ID already exists", "request_id": "1a186e73-1393-482e-a5c1-76c4b6ad95b1", "method": "POST", "endpoint": "/api/v1/solicitudes", "status_code": 409, "error": {"type": "ConflictError", "detail": "A solicitud with this external ID already exists"}}
{"timestamp": "2026-08-03T06:06:39.511961+00:00", "service": "backend", "level": "INFO", "message": "request completed", "request_id": "1a186e73-1393-482e-a5c1-76c4b6ad95b1", "method": "POST", "endpoint": "/api/v1/solicitudes", "status_code": 409, "elapsed_ms": 4.94}
{"timestamp": "2026-08-03T06:06:39.521383+00:00", "service": "backend", "level": "INFO", "message": "health check ok", "request_id": "efdbe3bf-5be5-4427-a64e-5499ec71f5b1", "endpoint": "/health", "status_code": 200}
{"timestamp": "2026-08-03T06:06:39.522198+00:00", "service": "backend", "level": "INFO", "message": "request completed", "request_id": "efdbe3bf-5be5-4427-a64e-5499ec71f5b1", "method": "GET", "endpoint": "/health", "status_code": 200, "elapsed_ms": 6.153}
{"timestamp": "2026-08-03T06:06:39.532554+00:00", "service": "backend", "level": "INFO", "message": "database readiness check ok", "request_id": "ef8ed229-b30d-4adb-a718-eb2555457e11", "endpoint": "/health/ready", "status_code": 200}
{"timestamp": "2026-08-03T06:06:39.532985+00:00", "service": "backend", "level": "INFO", "message": "request completed", "request_id": "ef8ed229-b30d-4adb-a718-eb2555457e11", "method": "GET", "endpoint": "/health/ready", "status_code": 200, "elapsed_ms": 3.386}
{"timestamp": "2026-08-03T06:06:39.541957+00:00", "service": "backend", "level": "ERROR", "message": "database readiness check failed", "request_id": "a0e0089a-1f7c-461d-959c-f4a2a2f96755", "endpoint": "/health/ready", "status_code": 503, "error": {"type": "ConnectionError", "detail": "database is down"}}
{"timestamp": "2026-08-03T06:06:39.542201+00:00", "service": "backend", "level": "WARNING", "message": "Database is unavailable", "request_id": "a0e0089a-1f7c-461d-959c-f4a2a2f96755", "method": "GET", "endpoint": "/health/ready", "status_code": 503, "error": {"type": "DatabaseUnavailableError", "detail": "Database is unavailable"}}
{"timestamp": "2026-08-03T06:06:39.542453+00:00", "service": "backend", "level": "ERROR", "message": "request completed", "request_id": "a0e0089a-1f7c-461d-959c-f4a2a2f96755", "method": "GET", "endpoint": "/health/ready", "status_code": 503, "elapsed_ms": 4.769}
{"timestamp": "2026-08-03T06:06:39.553407+00:00", "service": "backend", "level": "INFO", "message": "request completed", "request_id": "405ca86d-8bf5-4f75-890c-08ecec029ec2", "method": "GET", "endpoint": "/api/v1/solicitudes/12345678-1234-5678-1234-567812345678", "status_code": 200, "elapsed_ms": 5.1}
{"timestamp": "2026-08-03T06:06:39.564950+00:00", "service": "backend", "level": "WARNING", "message": "Solicitud was not found", "request_id": "bec221df-0606-48c4-9b7f-3c7c40b24001", "method": "GET", "endpoint": "/api/v1/solicitudes/00000000-0000-0000-0000-000000000000", "status_code": 404, "error": {"type": "ResourceNotFoundError", "detail": "Solicitud was not found"}}
{"timestamp": "2026-08-03T06:06:39.565605+00:00", "service": "backend", "level": "INFO", "message": "request completed", "request_id": "bec221df-0606-48c4-9b7f-3c7c40b24001", "method": "GET", "endpoint": "/api/v1/solicitudes/00000000-0000-0000-0000-000000000000", "status_code": 404, "elapsed_ms": 4.531}
{"timestamp": "2026-08-03T06:06:39.592379+00:00", "service": "backend", "level": "INFO", "message": "request completed", "request_id": "20017707-ba58-4e90-a1f6-9ce9c954a465", "method": "GET", "endpoint": "/api/v1/solicitudes", "status_code": 200, "elapsed_ms": 10.396}
{"timestamp": "2026-08-03T06:06:40.305163+00:00", "service": "backend", "level": "INFO", "message": "request completed", "request_id": "f409cd29-4022-4428-b622-666174f9c44c", "method": "PATCH", "endpoint": "/api/v1/solicitudes/12345678-1234-5678-1234-567812345678/estado", "status_code": 200, "elapsed_ms": 8.96}
{"timestamp": "2026-08-03T06:06:40.316899+00:00", "service": "backend", "level": "WARNING", "message": "Solicitud was not found", "request_id": "d4722709-8ec9-40ba-b4d7-a49c91ba4b4e", "method": "PATCH", "endpoint": "/api/v1/solicitudes/00000000-0000-0000-0000-000000000000/estado", "status_code": 404, "error": {"type": "ResourceNotFoundError", "detail": "Solicitud was not found"}}
{"timestamp": "2026-08-03T06:06:40.317454+00:00", "service": "backend", "level": "INFO", "message": "request completed", "request_id": "d4722709-8ec9-40ba-b4d7-a49c91ba4b4e", "method": "PATCH", "endpoint": "/api/v1/solicitudes/00000000-0000-0000-0000-000000000000/estado", "status_code": 404, "elapsed_ms": 5.097}
{"timestamp": "2026-08-03T06:06:40.334831+00:00", "service": "backend", "level": "INFO", "message": "request completed", "request_id": "3330bc13-26cb-4ca4-8bfd-c98af70444db", "method": "PATCH", "endpoint": "/api/v1/solicitudes/12345678-1234-5678-1234-567812345678/estado", "status_code": 422, "elapsed_ms": 9.14}
{"timestamp": "2026-08-03T06:06:41.423253+00:00", "service": "backend", "level": "INFO", "message": "request completed", "request_id": "c038468c-6e7f-472f-9f87-41ce529006c4", "method": "GET", "endpoint": "/api/v1/solicitudes", "status_code": 200, "elapsed_ms": 49.721}
{"timestamp": "2026-08-03T06:06:41.504105+00:00", "service": "backend", "level": "INFO", "message": "request completed", "request_id": "e17fb8ab-47e1-4dbe-be85-25018e21891a", "method": "PATCH", "endpoint": "/api/v1/solicitudes/62466359-8b79-579a-a073-d62f8ecdd0a4/estado", "status_code": 200, "elapsed_ms": 20.18}
{"timestamp": "2026-08-03T06:06:41.561798+00:00", "service": "backend", "level": "INFO", "message": "request completed", "request_id": "febdde56-f2cd-40ae-a14e-8ce6e100221c", "method": "PATCH", "endpoint": "/api/v1/solicitudes/62466359-8b79-579a-a073-d62f8ecdd0a4/estado", "status_code": 200, "elapsed_ms": 54.19}
{"timestamp": "2026-08-03T06:06:49.321717+00:00", "service": "backend", "level": "INFO", "message": "health check ok", "request_id": "0a87c41e-f138-4abb-8940-05bd84c41080", "endpoint": "/health", "status_code": 200}
{"timestamp": "2026-08-03T06:06:49.322702+00:00", "service": "backend", "level": "INFO", "message": "request completed", "request_id": "0a87c41e-f138-4abb-8940-05bd84c41080", "method": "GET", "endpoint": "/health", "status_code": 200, "elapsed_ms": 1.891}
{"timestamp": "2026-08-03T06:07:04.792503+00:00", "service": "backend", "level": "INFO", "message": "health check ok", "request_id": "edc38d33-a9a4-479a-ba86-f31aa921e92c", "endpoint": "/health", "status_code": 200}
{"timestamp": "2026-08-03T06:07:04.793651+00:00", "service": "backend", "level": "INFO", "message": "request completed", "request_id": "edc38d33-a9a4-479a-ba86-f31aa921e92c", "method": "GET", "endpoint": "/health", "status_code": 200, "elapsed_ms": 1.988}
{"timestamp": "2026-08-03T06:07:17.415123+00:00", "service": "backend", "level": "INFO", "message": "health check ok", "request_id": "9a300b24-c483-40e6-9607-0fcabab611a0", "endpoint": "/health", "status_code": 200}
{"timestamp": "2026-08-03T06:07:17.415964+00:00", "service": "backend", "level": "INFO", "message": "request completed", "request_id": "9a300b24-c483-40e6-9607-0fcabab611a0", "method": "GET", "endpoint": "/health", "status_code": 200, "elapsed_ms": 1.338}
{"timestamp": "2026-08-03T06:07:32.763815+00:00", "service": "backend", "level": "INFO", "message": "health check ok", "request_id": "5809aab0-ddbd-4da6-95a5-123be6136cb2", "endpoint": "/health", "status_code": 200}
{"timestamp": "2026-08-03T06:07:32.764874+00:00", "service": "backend", "level": "INFO", "message": "request completed", "request_id": "5809aab0-ddbd-4da6-95a5-123be6136cb2", "method": "GET", "endpoint": "/health", "status_code": 200, "elapsed_ms": 1.92}
{"timestamp": "2026-08-03T06:07:45.376682+00:00", "service": "backend", "level": "INFO", "message": "health check ok", "request_id": "e5cd3cbd-36d7-4093-81b1-07b365d09bed", "endpoint": "/health", "status_code": 200}
{"timestamp": "2026-08-03T06:07:45.378249+00:00", "service": "backend", "level": "INFO", "message": "request completed", "request_id": "e5cd3cbd-36d7-4093-81b1-07b365d09bed", "method": "GET", "endpoint": "/health", "status_code": 200, "elapsed_ms": 1.851}
{"timestamp": "2026-08-03T06:08:00.767278+00:00", "service": "backend", "level": "INFO", "message": "health check ok", "request_id": "44605d2c-0b96-4d2c-9dd7-2723bfc0aba1", "endpoint": "/health", "status_code": 200}
{"timestamp": "2026-08-03T06:08:00.768252+00:00", "service": "backend", "level": "INFO", "message": "request completed", "request_id": "44605d2c-0b96-4d2c-9dd7-2723bfc0aba1", "method": "GET", "endpoint": "/health", "status_code": 200, "elapsed_ms": 2.395}
{"timestamp": "2026-08-03T06:08:13.453886+00:00", "service": "backend", "level": "INFO", "message": "health check ok", "request_id": "bc216e56-2353-4efa-ab6d-1da8165fcacb", "endpoint": "/health", "status_code": 200}
{"timestamp": "2026-08-03T06:08:13.454656+00:00", "service": "backend", "level": "INFO", "message": "request completed", "request_id": "bc216e56-2353-4efa-ab6d-1da8165fcacb", "method": "GET", "endpoint": "/health", "status_code": 200, "elapsed_ms": 1.604}
{"timestamp": "2026-08-03T06:08:28.795475+00:00", "service": "backend", "level": "INFO", "message": "health check ok", "request_id": "2545564f-bdf4-43c1-9573-74d8ae53b128", "endpoint": "/health", "status_code": 200}
{"timestamp": "2026-08-03T06:08:28.796717+00:00", "service": "backend", "level": "INFO", "message": "request completed", "request_id": "2545564f-bdf4-43c1-9573-74d8ae53b128", "method": "GET", "endpoint": "/health", "status_code": 200, "elapsed_ms": 2.156}
{"timestamp": "2026-08-03T06:08:41.550774+00:00", "service": "backend", "level": "INFO", "message": "health check ok", "request_id": "146eefea-e0bb-4689-ae91-ebaac4b20a2e", "endpoint": "/health", "status_code": 200}
{"timestamp": "2026-08-03T06:08:41.551561+00:00", "service": "backend", "level": "INFO", "message": "request completed", "request_id": "146eefea-e0bb-4689-ae91-ebaac4b20a2e", "method": "GET", "endpoint": "/health", "status_code": 200, "elapsed_ms": 2.485}
{"timestamp": "2026-08-03T06:08:57.048742+00:00", "service": "backend", "level": "INFO", "message": "health check ok", "request_id": "8eea951e-f3f0-4a00-8d90-3e0b56b755a5", "endpoint": "/health", "status_code": 200}
{"timestamp": "2026-08-03T06:08:57.051016+00:00", "service": "backend", "level": "INFO", "message": "request completed", "request_id": "8eea951e-f3f0-4a00-8d90-3e0b56b755a5", "method": "GET", "endpoint": "/health", "status_code": 200, "elapsed_ms": 3.778}
{"timestamp": "2026-08-03T06:09:09.686089+00:00", "service": "backend", "level": "INFO", "message": "health check ok", "request_id": "7ed7f6f5-7020-4c7b-9e5f-c74da1645a89", "endpoint": "/health", "status_code": 200}
{"timestamp": "2026-08-03T06:09:09.690252+00:00", "service": "backend", "level": "INFO", "message": "request completed", "request_id": "7ed7f6f5-7020-4c7b-9e5f-c74da1645a89", "method": "GET", "endpoint": "/health", "status_code": 200, "elapsed_ms": 6.095}
{"timestamp": "2026-08-03T06:09:25.079918+00:00", "service": "backend", "level": "INFO", "message": "health check ok", "request_id": "3418fb13-91bf-486a-a163-e69c5f3d7c4b", "endpoint": "/health", "status_code": 200}
{"timestamp": "2026-08-03T06:09:25.080771+00:00", "service": "backend", "level": "INFO", "message": "request completed", "request_id": "3418fb13-91bf-486a-a163-e69c5f3d7c4b", "method": "GET", "endpoint": "/health", "status_code": 200, "elapsed_ms": 1.705}
{"timestamp": "2026-08-03T06:09:37.833032+00:00", "service": "backend", "level": "INFO", "message": "health check ok", "request_id": "084d2962-3d02-47f3-b2dc-cb51a0c625eb", "endpoint": "/health", "status_code": 200}
{"timestamp": "2026-08-03T06:09:37.833700+00:00", "service": "backend", "level": "INFO", "message": "request completed", "request_id": "084d2962-3d02-47f3-b2dc-cb51a0c625eb", "method": "GET", "endpoint": "/health", "status_code": 200, "elapsed_ms": 1.306}
{"timestamp": "2026-08-03T06:09:53.180449+00:00", "service": "backend", "level": "INFO", "message": "health check ok", "request_id": "2e24a667-f90b-447a-9354-e59ca74fd909", "endpoint": "/health", "status_code": 200}
{"timestamp": "2026-08-03T06:09:53.181263+00:00", "service": "backend", "level": "INFO", "message": "request completed", "request_id": "2e24a667-f90b-447a-9354-e59ca74fd909", "method": "GET", "endpoint": "/health", "status_code": 200, "elapsed_ms": 1.769}
{"timestamp": "2026-08-03T06:10:05.784818+00:00", "service": "backend", "level": "INFO", "message": "health check ok", "request_id": "52b73136-c2ff-4c64-bccb-a9d1f4c4dda8", "endpoint": "/health", "status_code": 200}
{"timestamp": "2026-08-03T06:10:05.785780+00:00", "service": "backend", "level": "INFO", "message": "request completed", "request_id": "52b73136-c2ff-4c64-bccb-a9d1f4c4dda8", "method": "GET", "endpoint": "/health", "status_code": 200, "elapsed_ms": 2.688}
{"timestamp": "2026-08-03T06:10:21.121277+00:00", "service": "backend", "level": "INFO", "message": "health check ok", "request_id": "9fa11092-7bd6-4482-86b7-4051446d50e2", "endpoint": "/health", "status_code": 200}
{"timestamp": "2026-08-03T06:10:21.121827+00:00", "service": "backend", "level": "INFO", "message": "request completed", "request_id": "9fa11092-7bd6-4482-86b7-4051446d50e2", "method": "GET", "endpoint": "/health", "status_code": 200, "elapsed_ms": 1.13}
{"timestamp": "2026-08-03T06:10:33.779920+00:00", "service": "backend", "level": "INFO", "message": "health check ok", "request_id": "677c95ee-2a43-4dbd-9ecd-ca37bd871152", "endpoint": "/health", "status_code": 200}
{"timestamp": "2026-08-03T06:10:33.780686+00:00", "service": "backend", "level": "INFO", "message": "request completed", "request_id": "677c95ee-2a43-4dbd-9ecd-ca37bd871152", "method": "GET", "endpoint": "/health", "status_code": 200, "elapsed_ms": 1.397}
{"timestamp": "2026-08-03T06:10:49.156546+00:00", "service": "backend", "level": "INFO", "message": "health check ok", "request_id": "e651d266-0590-440b-ad9a-6cfd3fd2a3cf", "endpoint": "/health", "status_code": 200}
{"timestamp": "2026-08-03T06:10:49.157279+00:00", "service": "backend", "level": "INFO", "message": "request completed", "request_id": "e651d266-0590-440b-ad9a-6cfd3fd2a3cf", "method": "GET", "endpoint": "/health", "status_code": 200, "elapsed_ms": 1.634}
{"timestamp": "2026-08-03T06:11:01.848082+00:00", "service": "backend", "level": "INFO", "message": "health check ok", "request_id": "7f1da1d7-8c35-4f4e-8987-587db38d7ba3", "endpoint": "/health", "status_code": 200}
{"timestamp": "2026-08-03T06:11:01.849000+00:00", "service": "backend", "level": "INFO", "message": "request completed", "request_id": "7f1da1d7-8c35-4f4e-8987-587db38d7ba3", "method": "GET", "endpoint": "/health", "status_code": 200, "elapsed_ms": 1.963}
{"timestamp": "2026-08-03T06:11:17.260888+00:00", "service": "backend", "level": "INFO", "message": "health check ok", "request_id": "0b5c6d15-f77c-4ebd-b218-73cf30b43128", "endpoint": "/health", "status_code": 200}
{"timestamp": "2026-08-03T06:11:17.262227+00:00", "service": "backend", "level": "INFO", "message": "request completed", "request_id": "0b5c6d15-f77c-4ebd-b218-73cf30b43128", "method": "GET", "endpoint": "/health", "status_code": 200, "elapsed_ms": 2.391}
{"timestamp": "2026-08-03T06:11:29.950145+00:00", "service": "backend", "level": "INFO", "message": "health check ok", "request_id": "1de1feca-cd6c-4e9f-9d5d-2cb4a3f7e8e4", "endpoint": "/health", "status_code": 200}
{"timestamp": "2026-08-03T06:11:29.951017+00:00", "service": "backend", "level": "INFO", "message": "request completed", "request_id": "1de1feca-cd6c-4e9f-9d5d-2cb4a3f7e8e4", "method": "GET", "endpoint": "/health", "status_code": 200, "elapsed_ms": 1.997}
{"timestamp": "2026-08-03T06:11:45.268678+00:00", "service": "backend", "level": "INFO", "message": "health check ok", "request_id": "9010aeaa-5b3d-4b2c-b213-134ac376a8e9", "endpoint": "/health", "status_code": 200}
{"timestamp": "2026-08-03T06:11:45.269278+00:00", "service": "backend", "level": "INFO", "message": "request completed", "request_id": "9010aeaa-5b3d-4b2c-b213-134ac376a8e9", "method": "GET", "endpoint": "/health", "status_code": 200, "elapsed_ms": 1.044}
{"timestamp": "2026-08-03T06:11:57.909557+00:00", "service": "backend", "level": "INFO", "message": "health check ok", "request_id": "cd7aa521-413b-4b39-9d99-8769b1367681", "endpoint": "/health", "status_code": 200}
{"timestamp": "2026-08-03T06:11:57.910129+00:00", "service": "backend", "level": "INFO", "message": "request completed", "request_id": "cd7aa521-413b-4b39-9d99-8769b1367681", "method": "GET", "endpoint": "/health", "status_code": 200, "elapsed_ms": 1.382}
{"timestamp": "2026-08-03T06:12:13.258069+00:00", "service": "backend", "level": "INFO", "message": "health check ok", "request_id": "d82e0d8a-8b4b-40dc-9762-75aa7694e864", "endpoint": "/health", "status_code": 200}
{"timestamp": "2026-08-03T06:12:13.258822+00:00", "service": "backend", "level": "INFO", "message": "request completed", "request_id": "d82e0d8a-8b4b-40dc-9762-75aa7694e864", "method": "GET", "endpoint": "/health", "status_code": 200, "elapsed_ms": 1.575}
{"timestamp": "2026-08-03T06:12:25.856933+00:00", "service": "backend", "level": "INFO", "message": "health check ok", "request_id": "2e3b9825-7435-4331-8e0d-0ba730a4de81", "endpoint": "/health", "status_code": 200}
{"timestamp": "2026-08-03T06:12:25.857880+00:00", "service": "backend", "level": "INFO", "message": "request completed", "request_id": "2e3b9825-7435-4331-8e0d-0ba730a4de81", "method": "GET", "endpoint": "/health", "status_code": 200, "elapsed_ms": 1.71}
{"timestamp": "2026-08-03T06:12:41.210370+00:00", "service": "backend", "level": "INFO", "message": "health check ok", "request_id": "2c55e857-5b50-45a1-befa-a28be6911bb6", "endpoint": "/health", "status_code": 200}
{"timestamp": "2026-08-03T06:12:41.211046+00:00", "service": "backend", "level": "INFO", "message": "request completed", "request_id": "2c55e857-5b50-45a1-befa-a28be6911bb6", "method": "GET", "endpoint": "/health", "status_code": 200, "elapsed_ms": 1.31}
{"timestamp": "2026-08-03T06:13:00.782317+00:00", "service": "backend", "level": "INFO", "message": "health check ok", "request_id": "4a77399b-cf98-4e89-a860-d931cc465f20", "endpoint": "/health", "status_code": 200}
{"timestamp": "2026-08-03T06:13:00.783101+00:00", "service": "backend", "level": "INFO", "message": "request completed", "request_id": "4a77399b-cf98-4e89-a860-d931cc465f20", "method": "GET", "endpoint": "/health", "status_code": 200, "elapsed_ms": 7.378}
{"timestamp": "2026-08-03T06:13:04.641658+00:00", "service": "backend", "level": "INFO", "message": "request completed", "request_id": "7735d03f-8e29-4c40-9666-dda4a9126775", "method": "POST", "endpoint": "/api/v1/solicitudes", "status_code": 201, "elapsed_ms": 47.486}
{"timestamp": "2026-08-03T06:13:04.660748+00:00", "service": "backend", "level": "WARNING", "message": "A solicitud with this external ID already exists", "request_id": "c6f9bc12-51f1-49e4-b5f3-7bd696614475", "method": "POST", "endpoint": "/api/v1/solicitudes", "status_code": 409, "error": {"type": "ConflictError", "detail": "A solicitud with this external ID already exists"}}
{"timestamp": "2026-08-03T06:13:04.661789+00:00", "service": "backend", "level": "INFO", "message": "request completed", "request_id": "c6f9bc12-51f1-49e4-b5f3-7bd696614475", "method": "POST", "endpoint": "/api/v1/solicitudes", "status_code": 409, "elapsed_ms": 67.258}
{"timestamp": "2026-08-03T06:13:13.482934+00:00", "service": "backend", "level": "INFO", "message": "health check ok", "request_id": "7cc78d13-5f67-4f47-9b6c-021556e15f64", "endpoint": "/health", "status_code": 200}
{"timestamp": "2026-08-03T06:13:13.484362+00:00", "service": "backend", "level": "INFO", "message": "request completed", "request_id": "7cc78d13-5f67-4f47-9b6c-021556e15f64", "method": "GET", "endpoint": "/health", "status_code": 200, "elapsed_ms": 3.427}
{"timestamp": "2026-08-03T06:13:15.363506+00:00", "service": "backend", "level": "INFO", "message": "request completed", "request_id": "39cb0492-ef26-4441-a50f-b97a01bfe640", "method": "POST", "endpoint": "/api/v1/solicitudes", "status_code": 201, "elapsed_ms": 30.798}
{"timestamp": "2026-08-03T06:13:15.369916+00:00", "service": "backend", "level": "WARNING", "message": "A solicitud with this external ID already exists", "request_id": "19331571-9285-4c06-a2f9-36ca7b4404cf", "method": "POST", "endpoint": "/api/v1/solicitudes", "status_code": 409, "error": {"type": "ConflictError", "detail": "A solicitud with this external ID already exists"}}
{"timestamp": "2026-08-03T06:13:15.370518+00:00", "service": "backend", "level": "INFO", "message": "request completed", "request_id": "19331571-9285-4c06-a2f9-36ca7b4404cf", "method": "POST", "endpoint": "/api/v1/solicitudes", "status_code": 409, "elapsed_ms": 37.537}
{"timestamp": "2026-08-03T06:13:15.406027+00:00", "service": "backend", "level": "INFO", "message": "request completed", "request_id": "2409383d-f7b9-4605-8ef3-4657329dba80", "method": "POST", "endpoint": "/api/v1/solicitudes", "status_code": 201, "elapsed_ms": 12.155}
{"timestamp": "2026-08-03T06:13:15.421436+00:00", "service": "backend", "level": "WARNING", "message": "A solicitud with this external ID already exists", "request_id": "b277eb74-5f2d-4c3b-b7f1-41c2524bb09e", "method": "POST", "endpoint": "/api/v1/solicitudes", "status_code": 409, "error": {"type": "ConflictError", "detail": "A solicitud with this external ID already exists"}}
{"timestamp": "2026-08-03T06:13:15.421825+00:00", "service": "backend", "level": "INFO", "message": "request completed", "request_id": "b277eb74-5f2d-4c3b-b7f1-41c2524bb09e", "method": "POST", "endpoint": "/api/v1/solicitudes", "status_code": 409, "elapsed_ms": 9.226}
{"timestamp": "2026-08-03T06:13:15.430555+00:00", "service": "backend", "level": "INFO", "message": "health check ok", "request_id": "7d8e67f4-cd8e-4e6f-8b98-74b495bb1e7c", "endpoint": "/health", "status_code": 200}
{"timestamp": "2026-08-03T06:13:15.431325+00:00", "service": "backend", "level": "INFO", "message": "request completed", "request_id": "7d8e67f4-cd8e-4e6f-8b98-74b495bb1e7c", "method": "GET", "endpoint": "/health", "status_code": 200, "elapsed_ms": 5.506}
{"timestamp": "2026-08-03T06:13:15.441215+00:00", "service": "backend", "level": "INFO", "message": "database readiness check ok", "request_id": "13b20a4e-5172-4051-9ddb-7a849bb5eab9", "endpoint": "/health/ready", "status_code": 200}
{"timestamp": "2026-08-03T06:13:15.441645+00:00", "service": "backend", "level": "INFO", "message": "request completed", "request_id": "13b20a4e-5172-4051-9ddb-7a849bb5eab9", "method": "GET", "endpoint": "/health/ready", "status_code": 200, "elapsed_ms": 3.069}
{"timestamp": "2026-08-03T06:13:15.452794+00:00", "service": "backend", "level": "ERROR", "message": "database readiness check failed", "request_id": "0dcab8d9-7cd5-480b-b6f5-b8e3c19acd30", "endpoint": "/health/ready", "status_code": 503, "error": {"type": "ConnectionError", "detail": "database is down"}}
{"timestamp": "2026-08-03T06:13:15.453102+00:00", "service": "backend", "level": "WARNING", "message": "Database is unavailable", "request_id": "0dcab8d9-7cd5-480b-b6f5-b8e3c19acd30", "method": "GET", "endpoint": "/health/ready", "status_code": 503, "error": {"type": "DatabaseUnavailableError", "detail": "Database is unavailable"}}
{"timestamp": "2026-08-03T06:13:15.453453+00:00", "service": "backend", "level": "ERROR", "message": "request completed", "request_id": "0dcab8d9-7cd5-480b-b6f5-b8e3c19acd30", "method": "GET", "endpoint": "/health/ready", "status_code": 503, "elapsed_ms": 5.286}
{"timestamp": "2026-08-03T06:13:15.463108+00:00", "service": "backend", "level": "INFO", "message": "request completed", "request_id": "d0071242-0f90-4913-aedf-0cb629c01b52", "method": "GET", "endpoint": "/api/v1/solicitudes/12345678-1234-5678-1234-567812345678", "status_code": 200, "elapsed_ms": 3.771}
{"timestamp": "2026-08-03T06:13:15.475177+00:00", "service": "backend", "level": "WARNING", "message": "Solicitud was not found", "request_id": "cc2dbfaa-f389-4dfb-be7d-1f3b2ce9fb44", "method": "GET", "endpoint": "/api/v1/solicitudes/00000000-0000-0000-0000-000000000000", "status_code": 404, "error": {"type": "ResourceNotFoundError", "detail": "Solicitud was not found"}}
{"timestamp": "2026-08-03T06:13:15.475896+00:00", "service": "backend", "level": "INFO", "message": "request completed", "request_id": "cc2dbfaa-f389-4dfb-be7d-1f3b2ce9fb44", "method": "GET", "endpoint": "/api/v1/solicitudes/00000000-0000-0000-0000-000000000000", "status_code": 404, "elapsed_ms": 4.707}
{"timestamp": "2026-08-03T06:13:15.491003+00:00", "service": "backend", "level": "INFO", "message": "request completed", "request_id": "e9878b45-fc7f-4def-a473-305ad7e706d0", "method": "GET", "endpoint": "/api/v1/solicitudes", "status_code": 200, "elapsed_ms": 8.942}
{"timestamp": "2026-08-03T06:13:16.197467+00:00", "service": "backend", "level": "INFO", "message": "request completed", "request_id": "d863fe07-26f4-4579-adab-4f780cc3dd95", "method": "PATCH", "endpoint": "/api/v1/solicitudes/12345678-1234-5678-1234-567812345678/estado", "status_code": 200, "elapsed_ms": 7.748}
{"timestamp": "2026-08-03T06:13:16.208180+00:00", "service": "backend", "level": "WARNING", "message": "Solicitud was not found", "request_id": "3c477d4c-07f8-4fc9-81b7-451564153137", "method": "PATCH", "endpoint": "/api/v1/solicitudes/00000000-0000-0000-0000-000000000000/estado", "status_code": 404, "error": {"type": "ResourceNotFoundError", "detail": "Solicitud was not found"}}
{"timestamp": "2026-08-03T06:13:16.208556+00:00", "service": "backend", "level": "INFO", "message": "request completed", "request_id": "3c477d4c-07f8-4fc9-81b7-451564153137", "method": "PATCH", "endpoint": "/api/v1/solicitudes/00000000-0000-0000-0000-000000000000/estado", "status_code": 404, "elapsed_ms": 4.556}
{"timestamp": "2026-08-03T06:13:16.219977+00:00", "service": "backend", "level": "INFO", "message": "request completed", "request_id": "9e1521ad-42c7-45f1-8035-6a3d2e803cf4", "method": "PATCH", "endpoint": "/api/v1/solicitudes/12345678-1234-5678-1234-567812345678/estado", "status_code": 422, "elapsed_ms": 5.372}
{"timestamp": "2026-08-03T06:13:28.834948+00:00", "service": "backend", "level": "INFO", "message": "health check ok", "request_id": "b60785b7-67a3-4e3e-b3cb-c7eb02a69dee", "endpoint": "/health", "status_code": 200}
{"timestamp": "2026-08-03T06:13:28.835715+00:00", "service": "backend", "level": "INFO", "message": "request completed", "request_id": "b60785b7-67a3-4e3e-b3cb-c7eb02a69dee", "method": "GET", "endpoint": "/health", "status_code": 200, "elapsed_ms": 1.524}
{"timestamp": "2026-08-03T06:13:41.459498+00:00", "service": "backend", "level": "INFO", "message": "health check ok", "request_id": "d784a667-c617-41ec-9f2e-4f58de4ddab4", "endpoint": "/health", "status_code": 200}
{"timestamp": "2026-08-03T06:13:41.460550+00:00", "service": "backend", "level": "INFO", "message": "request completed", "request_id": "d784a667-c617-41ec-9f2e-4f58de4ddab4", "method": "GET", "endpoint": "/health", "status_code": 200, "elapsed_ms": 1.829}
{"timestamp": "2026-08-03T06:13:56.843982+00:00", "service": "backend", "level": "INFO", "message": "health check ok", "request_id": "752ea722-5a68-4681-be59-ff23561a8a8a", "endpoint": "/health", "status_code": 200}
{"timestamp": "2026-08-03T06:13:56.844839+00:00", "service": "backend", "level": "INFO", "message": "request completed", "request_id": "752ea722-5a68-4681-be59-ff23561a8a8a", "method": "GET", "endpoint": "/health", "status_code": 200, "elapsed_ms": 2.08}
{"timestamp": "2026-08-03T06:14:09.599195+00:00", "service": "backend", "level": "INFO", "message": "health check ok", "request_id": "da6ff8b8-5658-4810-9678-2ed6cc37bb36", "endpoint": "/health", "status_code": 200}
{"timestamp": "2026-08-03T06:14:09.599979+00:00", "service": "backend", "level": "INFO", "message": "request completed", "request_id": "da6ff8b8-5658-4810-9678-2ed6cc37bb36", "method": "GET", "endpoint": "/health", "status_code": 200, "elapsed_ms": 2.202}
{"timestamp": "2026-08-03T06:14:24.969393+00:00", "service": "backend", "level": "INFO", "message": "health check ok", "request_id": "4599d78a-3a43-49da-a071-49f8d29c1aac", "endpoint": "/health", "status_code": 200}
{"timestamp": "2026-08-03T06:14:24.970848+00:00", "service": "backend", "level": "INFO", "message": "request completed", "request_id": "4599d78a-3a43-49da-a071-49f8d29c1aac", "method": "GET", "endpoint": "/health", "status_code": 200, "elapsed_ms": 2.025}
{"timestamp": "2026-08-03T06:14:37.654209+00:00", "service": "backend", "level": "INFO", "message": "health check ok", "request_id": "7ca70de1-a6eb-4475-a7d1-3e66356ea2da", "endpoint": "/health", "status_code": 200}
{"timestamp": "2026-08-03T06:14:37.654804+00:00", "service": "backend", "level": "INFO", "message": "request completed", "request_id": "7ca70de1-a6eb-4475-a7d1-3e66356ea2da", "method": "GET", "endpoint": "/health", "status_code": 200, "elapsed_ms": 1.283}
{"timestamp": "2026-08-03T06:14:53.035876+00:00", "service": "backend", "level": "INFO", "message": "health check ok", "request_id": "a1912882-d142-44a2-832e-2a3a935352cb", "endpoint": "/health", "status_code": 200}
{"timestamp": "2026-08-03T06:14:53.037230+00:00", "service": "backend", "level": "INFO", "message": "request completed", "request_id": "a1912882-d142-44a2-832e-2a3a935352cb", "method": "GET", "endpoint": "/health", "status_code": 200, "elapsed_ms": 3.22}
{"timestamp": "2026-08-03T06:15:05.697228+00:00", "service": "backend", "level": "INFO", "message": "health check ok", "request_id": "5d950b61-c1e3-45e2-a2bc-876c86149a7f", "endpoint": "/health", "status_code": 200}
{"timestamp": "2026-08-03T06:15:05.699965+00:00", "service": "backend", "level": "INFO", "message": "request completed", "request_id": "5d950b61-c1e3-45e2-a2bc-876c86149a7f", "method": "GET", "endpoint": "/health", "status_code": 200, "elapsed_ms": 4.599}
{"timestamp": "2026-08-03T06:15:21.092767+00:00", "service": "backend", "level": "INFO", "message": "health check ok", "request_id": "871be912-3aa3-40ee-abaf-e8e231981e4e", "endpoint": "/health", "status_code": 200}
{"timestamp": "2026-08-03T06:15:21.093592+00:00", "service": "backend", "level": "INFO", "message": "request completed", "request_id": "871be912-3aa3-40ee-abaf-e8e231981e4e", "method": "GET", "endpoint": "/health", "status_code": 200, "elapsed_ms": 2.232}
{"timestamp": "2026-08-03T06:15:33.689347+00:00", "service": "backend", "level": "INFO", "message": "health check ok", "request_id": "b81aa0d3-ead2-4b9b-9b22-65512409d06d", "endpoint": "/health", "status_code": 200}
{"timestamp": "2026-08-03T06:15:33.690258+00:00", "service": "backend", "level": "INFO", "message": "request completed", "request_id": "b81aa0d3-ead2-4b9b-9b22-65512409d06d", "method": "GET", "endpoint": "/health", "status_code": 200, "elapsed_ms": 1.746}
{"timestamp": "2026-08-03T06:15:49.046579+00:00", "service": "backend", "level": "INFO", "message": "health check ok", "request_id": "7cc15c21-cc4a-466f-a482-1370fad863ee", "endpoint": "/health", "status_code": 200}
{"timestamp": "2026-08-03T06:15:49.047425+00:00", "service": "backend", "level": "INFO", "message": "request completed", "request_id": "7cc15c21-cc4a-466f-a482-1370fad863ee", "method": "GET", "endpoint": "/health", "status_code": 200, "elapsed_ms": 2.026}
{"timestamp": "2026-08-03T06:16:01.669985+00:00", "service": "backend", "level": "INFO", "message": "health check ok", "request_id": "cca017f1-6bcc-4000-b176-4e954de2a5a8", "endpoint": "/health", "status_code": 200}
{"timestamp": "2026-08-03T06:16:01.670576+00:00", "service": "backend", "level": "INFO", "message": "request completed", "request_id": "cca017f1-6bcc-4000-b176-4e954de2a5a8", "method": "GET", "endpoint": "/health", "status_code": 200, "elapsed_ms": 1.216}
{"timestamp": "2026-08-03T06:16:17.010422+00:00", "service": "backend", "level": "INFO", "message": "health check ok", "request_id": "65384b08-fca0-40ab-a710-c7a9d053702f", "endpoint": "/health", "status_code": 200}
{"timestamp": "2026-08-03T06:16:17.012294+00:00", "service": "backend", "level": "INFO", "message": "request completed", "request_id": "65384b08-fca0-40ab-a710-c7a9d053702f", "method": "GET", "endpoint": "/health", "status_code": 200, "elapsed_ms": 3.074}
{"timestamp": "2026-08-03T06:16:29.593389+00:00", "service": "backend", "level": "INFO", "message": "health check ok", "request_id": "5542368d-4975-4f35-bdf3-905c6e065893", "endpoint": "/health", "status_code": 200}
{"timestamp": "2026-08-03T06:16:29.594248+00:00", "service": "backend", "level": "INFO", "message": "request completed", "request_id": "5542368d-4975-4f35-bdf3-905c6e065893", "method": "GET", "endpoint": "/health", "status_code": 200, "elapsed_ms": 1.778}
{"timestamp": "2026-08-03T06:16:45.064402+00:00", "service": "backend", "level": "INFO", "message": "health check ok", "request_id": "62996ad4-9bdd-47d6-b27d-d65ab544425e", "endpoint": "/health", "status_code": 200}
{"timestamp": "2026-08-03T06:16:45.065002+00:00", "service": "backend", "level": "INFO", "message": "request completed", "request_id": "62996ad4-9bdd-47d6-b27d-d65ab544425e", "method": "GET", "endpoint": "/health", "status_code": 200, "elapsed_ms": 1.163}
{"timestamp": "2026-08-03T06:16:57.760801+00:00", "service": "backend", "level": "INFO", "message": "health check ok", "request_id": "46d9757e-08db-495f-959c-398a60619759", "endpoint": "/health", "status_code": 200}
{"timestamp": "2026-08-03T06:16:57.761808+00:00", "service": "backend", "level": "INFO", "message": "request completed", "request_id": "46d9757e-08db-495f-959c-398a60619759", "method": "GET", "endpoint": "/health", "status_code": 200, "elapsed_ms": 2.446}
{"timestamp": "2026-08-03T06:17:13.093792+00:00", "service": "backend", "level": "INFO", "message": "health check ok", "request_id": "f4f6ebe7-2862-4173-885c-5a6207a27eb9", "endpoint": "/health", "status_code": 200}
{"timestamp": "2026-08-03T06:17:13.095304+00:00", "service": "backend", "level": "INFO", "message": "request completed", "request_id": "f4f6ebe7-2862-4173-885c-5a6207a27eb9", "method": "GET", "endpoint": "/health", "status_code": 200, "elapsed_ms": 2.323}
{"timestamp": "2026-08-03T06:17:25.794562+00:00", "service": "backend", "level": "INFO", "message": "health check ok", "request_id": "40f4acb5-253f-415d-b0ff-addae6f773b8", "endpoint": "/health", "status_code": 200}
{"timestamp": "2026-08-03T06:17:25.795300+00:00", "service": "backend", "level": "INFO", "message": "request completed", "request_id": "40f4acb5-253f-415d-b0ff-addae6f773b8", "method": "GET", "endpoint": "/health", "status_code": 200, "elapsed_ms": 1.406}
{"timestamp": "2026-08-03T06:17:41.149855+00:00", "service": "backend", "level": "INFO", "message": "health check ok", "request_id": "506705dd-1de5-4bf7-bb39-992d486f119d", "endpoint": "/health", "status_code": 200}
{"timestamp": "2026-08-03T06:17:41.150843+00:00", "service": "backend", "level": "INFO", "message": "request completed", "request_id": "506705dd-1de5-4bf7-bb39-992d486f119d", "method": "GET", "endpoint": "/health", "status_code": 200, "elapsed_ms": 1.853}
{"timestamp": "2026-08-03T06:17:53.788239+00:00", "service": "backend", "level": "INFO", "message": "health check ok", "request_id": "e067f653-3c12-472a-a21c-9be6fc7a1cf2", "endpoint": "/health", "status_code": 200}
{"timestamp": "2026-08-03T06:17:53.789029+00:00", "service": "backend", "level": "INFO", "message": "request completed", "request_id": "e067f653-3c12-472a-a21c-9be6fc7a1cf2", "method": "GET", "endpoint": "/health", "status_code": 200, "elapsed_ms": 1.519}
{"timestamp": "2026-08-03T06:18:09.155045+00:00", "service": "backend", "level": "INFO", "message": "health check ok", "request_id": "b03a4e77-a511-4d6e-8d59-0e0233533e3d", "endpoint": "/health", "status_code": 200}
{"timestamp": "2026-08-03T06:18:09.155930+00:00", "service": "backend", "level": "INFO", "message": "request completed", "request_id": "b03a4e77-a511-4d6e-8d59-0e0233533e3d", "method": "GET", "endpoint": "/health", "status_code": 200, "elapsed_ms": 2.125}
{"timestamp": "2026-08-03T06:18:21.765764+00:00", "service": "backend", "level": "INFO", "message": "health check ok", "request_id": "98a88a17-ee50-4715-82f2-1c0c6f109860", "endpoint": "/health", "status_code": 200}
{"timestamp": "2026-08-03T06:18:21.766481+00:00", "service": "backend", "level": "INFO", "message": "request completed", "request_id": "98a88a17-ee50-4715-82f2-1c0c6f109860", "method": "GET", "endpoint": "/health", "status_code": 200, "elapsed_ms": 1.372}
{"timestamp": "2026-08-03T06:18:37.122095+00:00", "service": "backend", "level": "INFO", "message": "health check ok", "request_id": "346346ee-0cdf-4319-aa3d-ecb6634dd5e6", "endpoint": "/health", "status_code": 200}
{"timestamp": "2026-08-03T06:18:37.123186+00:00", "service": "backend", "level": "INFO", "message": "request completed", "request_id": "346346ee-0cdf-4319-aa3d-ecb6634dd5e6", "method": "GET", "endpoint": "/health", "status_code": 200, "elapsed_ms": 1.872}
{"timestamp": "2026-08-03T06:18:49.777792+00:00", "service": "backend", "level": "INFO", "message": "health check ok", "request_id": "da9b064f-291d-40fc-a4b3-7ca11dc45f9f", "endpoint": "/health", "status_code": 200}
{"timestamp": "2026-08-03T06:18:49.778457+00:00", "service": "backend", "level": "INFO", "message": "request completed", "request_id": "da9b064f-291d-40fc-a4b3-7ca11dc45f9f", "method": "GET", "endpoint": "/health", "status_code": 200, "elapsed_ms": 1.283}
{"timestamp": "2026-08-03T06:19:05.133320+00:00", "service": "backend", "level": "INFO", "message": "health check ok", "request_id": "8f131744-9712-4e7c-a433-d09ed7b575e7", "endpoint": "/health", "status_code": 200}
{"timestamp": "2026-08-03T06:19:05.135725+00:00", "service": "backend", "level": "INFO", "message": "request completed", "request_id": "8f131744-9712-4e7c-a433-d09ed7b575e7", "method": "GET", "endpoint": "/health", "status_code": 200, "elapsed_ms": 3.789}
{"timestamp": "2026-08-03T06:19:17.823105+00:00", "service": "backend", "level": "INFO", "message": "health check ok", "request_id": "195aba10-48e3-4bb8-adc9-1d1854943d1c", "endpoint": "/health", "status_code": 200}
{"timestamp": "2026-08-03T06:19:17.823933+00:00", "service": "backend", "level": "INFO", "message": "request completed", "request_id": "195aba10-48e3-4bb8-adc9-1d1854943d1c", "method": "GET", "endpoint": "/health", "status_code": 200, "elapsed_ms": 1.442}
{"timestamp": "2026-08-03T06:19:33.326529+00:00", "service": "backend", "level": "INFO", "message": "health check ok", "request_id": "e4cfefb1-5f37-40cd-b088-f7099c58cef8", "endpoint": "/health", "status_code": 200}
{"timestamp": "2026-08-03T06:19:33.327351+00:00", "service": "backend", "level": "INFO", "message": "request completed", "request_id": "e4cfefb1-5f37-40cd-b088-f7099c58cef8", "method": "GET", "endpoint": "/health", "status_code": 200, "elapsed_ms": 1.576}
{"timestamp": "2026-08-03T06:19:39.575588+00:00", "service": "consumer", "level": "WARNING", "message": "consumer temporary server error", "request_id": "EXT-001", "correlation_id": "12345678-1234-5678-1234-567812345678", "method": "POST", "endpoint": "/solicitudes", "status_code": 503, "elapsed_ms": 1.256, "attempt": 1, "error": {"type": "RuntimeError", "detail": "HTTP 503"}}
{"timestamp": "2026-08-03T06:19:39.576508+00:00", "service": "consumer", "level": "WARNING", "message": "consumer temporary server error", "request_id": "EXT-001", "correlation_id": "12345678-1234-5678-1234-567812345678", "method": "POST", "endpoint": "/solicitudes", "status_code": 503, "elapsed_ms": 0.219, "attempt": 2, "error": {"type": "RuntimeError", "detail": "HTTP 503"}}
{"timestamp": "2026-08-03T06:19:39.576756+00:00", "service": "consumer", "level": "INFO", "message": "consumer request completed", "request_id": "EXT-001", "correlation_id": "12345678-1234-5678-1234-567812345678", "method": "POST", "endpoint": "/solicitudes", "status_code": 201, "elapsed_ms": 0.143, "attempt": 3}
{"timestamp": "2026-08-03T06:19:39.579712+00:00", "service": "consumer", "level": "WARNING", "message": "consumer temporary connection error", "request_id": "EXT-001", "correlation_id": "12345678-1234-5678-1234-567812345678", "method": "GET", "endpoint": "/solicitudes/123", "elapsed_ms": 0.123, "attempt": 1, "error": {"type": "ConnectError", "detail": "connection refused"}}
{"timestamp": "2026-08-03T06:19:39.582435+00:00", "service": "consumer", "level": "INFO", "message": "consumer request completed", "request_id": "EXT-001", "correlation_id": "12345678-1234-5678-1234-567812345678", "method": "GET", "endpoint": "/solicitudes/123", "status_code": 200, "elapsed_ms": 0.521, "attempt": 2}
{"timestamp": "2026-08-03T06:19:39.585593+00:00", "service": "consumer", "level": "ERROR", "message": "consumer definitive client error", "request_id": "EXT-INVALID", "correlation_id": "12345678-1234-5678-1234-567812345678", "method": "POST", "endpoint": "/solicitudes", "status_code": 422, "elapsed_ms": 0.251, "attempt": 1}
{"timestamp": "2026-08-03T06:19:39.587687+00:00", "service": "consumer", "level": "ERROR", "message": "consumer definitive client error", "request_id": "CONSUMER-12345678-001", "correlation_id": "12345678-1234-5678-1234-567812345678", "method": "POST", "endpoint": "/solicitudes", "status_code": 400, "elapsed_ms": 0.237, "attempt": 1}
{"timestamp": "2026-08-03T06:19:39.588064+00:00", "service": "consumer", "level": "INFO", "message": "consumer request completed", "request_id": "CONSUMER-12345678-002", "correlation_id": "12345678-1234-5678-1234-567812345678", "method": "POST", "endpoint": "/solicitudes", "status_code": 201, "elapsed_ms": 0.215, "attempt": 1}
{"timestamp": "2026-08-03T06:19:39.588316+00:00", "service": "consumer", "level": "INFO", "message": "consumer request completed", "request_id": "CONSUMER-12345678-002", "correlation_id": "12345678-1234-5678-1234-567812345678", "method": "GET", "endpoint": "/solicitudes/created-2", "status_code": 200, "elapsed_ms": 0.151, "attempt": 1}
{"timestamp": "2026-08-03T06:19:39.588503+00:00", "service": "consumer", "level": "INFO", "message": "consumer request completed", "request_id": "CONSUMER-12345678-003", "correlation_id": "12345678-1234-5678-1234-567812345678", "method": "POST", "endpoint": "/solicitudes", "status_code": 201, "elapsed_ms": 0.126, "attempt": 1}
{"timestamp": "2026-08-03T06:19:39.588677+00:00", "service": "consumer", "level": "INFO", "message": "consumer request completed", "request_id": "CONSUMER-12345678-003", "correlation_id": "12345678-1234-5678-1234-567812345678", "method": "GET", "endpoint": "/solicitudes/created-3", "status_code": 200, "elapsed_ms": 0.11, "attempt": 1}
{"timestamp": "2026-08-03T06:19:46.023153+00:00", "service": "backend", "level": "INFO", "message": "health check ok", "request_id": "47f05561-afe4-420d-8aed-14199d5e7f15", "endpoint": "/health", "status_code": 200}
{"timestamp": "2026-08-03T06:19:46.024828+00:00", "service": "backend", "level": "INFO", "message": "request completed", "request_id": "47f05561-afe4-420d-8aed-14199d5e7f15", "method": "GET", "endpoint": "/health", "status_code": 200, "elapsed_ms": 4.413}
{"timestamp": "2026-08-03T06:19:58.681923+00:00", "service": "backend", "level": "INFO", "message": "health check ok", "request_id": "57f10b5a-a880-49cd-8a87-245b6954e947", "endpoint": "/health", "status_code": 200}
{"timestamp": "2026-08-03T06:19:58.682869+00:00", "service": "backend", "level": "INFO", "message": "request completed", "request_id": "57f10b5a-a880-49cd-8a87-245b6954e947", "method": "GET", "endpoint": "/health", "status_code": 200, "elapsed_ms": 2.2}
{"timestamp": "2026-08-03T06:20:19.778518+00:00", "service": "backend", "level": "INFO", "message": "health check ok", "request_id": "62926d7b-5463-4be1-ab55-a2e6a8cc3aea", "endpoint": "/health", "status_code": 200}
{"timestamp": "2026-08-03T06:20:19.779642+00:00", "service": "backend", "level": "INFO", "message": "request completed", "request_id": "62926d7b-5463-4be1-ab55-a2e6a8cc3aea", "method": "GET", "endpoint": "/health", "status_code": 200, "elapsed_ms": 9.034}
{"timestamp": "2026-08-03T06:20:32.589107+00:00", "service": "backend", "level": "INFO", "message": "health check ok", "request_id": "5b29d364-ec98-4ebf-aa2b-f5ad2a8f349c", "endpoint": "/health", "status_code": 200}
{"timestamp": "2026-08-03T06:20:32.590160+00:00", "service": "backend", "level": "INFO", "message": "request completed", "request_id": "5b29d364-ec98-4ebf-aa2b-f5ad2a8f349c", "method": "GET", "endpoint": "/health", "status_code": 200, "elapsed_ms": 1.784}
{"timestamp": "2026-08-03T06:20:47.943912+00:00", "service": "backend", "level": "INFO", "message": "health check ok", "request_id": "283a683a-da83-48bb-b607-2fedde1157a3", "endpoint": "/health", "status_code": 200}
{"timestamp": "2026-08-03T06:20:47.944822+00:00", "service": "backend", "level": "INFO", "message": "request completed", "request_id": "283a683a-da83-48bb-b607-2fedde1157a3", "method": "GET", "endpoint": "/health", "status_code": 200, "elapsed_ms": 1.684}
{"timestamp": "2026-08-03T06:20:56.375168+00:00", "service": "backend", "level": "INFO", "message": "request completed", "request_id": "ab7d1ec6-dea0-4ecf-8ec9-832d80c05a1c", "correlation_id": "8bb0d875-29bb-4fbd-80ca-eec6b842b968", "method": "POST", "endpoint": "/api/v1/solicitudes", "status_code": 201, "elapsed_ms": 49.119}
{"timestamp": "2026-08-03T06:20:56.392079+00:00", "service": "backend", "level": "INFO", "message": "request completed", "request_id": "fbd7faed-8662-43e9-afcd-809734250aff", "correlation_id": "8bb0d875-29bb-4fbd-80ca-eec6b842b968", "method": "GET", "endpoint": "/api/v1/solicitudes/8ff14447-fd41-486f-be7f-3605337ab0c0", "status_code": 200, "elapsed_ms": 13.545}
{"timestamp": "2026-08-03T06:20:56.417728+00:00", "service": "backend", "level": "INFO", "message": "request completed", "request_id": "ce7a5e63-ea01-49df-a32b-3808c4c532ad", "correlation_id": "8bb0d875-29bb-4fbd-80ca-eec6b842b968", "method": "POST", "endpoint": "/api/v1/solicitudes", "status_code": 201, "elapsed_ms": 22.251}
{"timestamp": "2026-08-03T06:20:56.431454+00:00", "service": "backend", "level": "INFO", "message": "request completed", "request_id": "f01916bf-b21b-4a00-8271-f3f83248cabe", "correlation_id": "8bb0d875-29bb-4fbd-80ca-eec6b842b968", "method": "GET", "endpoint": "/api/v1/solicitudes/41eb1ebf-3c22-4ec7-a75a-4ba31177dad2", "status_code": 200, "elapsed_ms": 11.081}
{"timestamp": "2026-08-03T06:20:56.454490+00:00", "service": "backend", "level": "INFO", "message": "request completed", "request_id": "170ead9a-1f5d-43cf-94ef-3a329ed76f66", "correlation_id": "8bb0d875-29bb-4fbd-80ca-eec6b842b968", "method": "POST", "endpoint": "/api/v1/solicitudes", "status_code": 201, "elapsed_ms": 15.825}
{"timestamp": "2026-08-03T06:20:56.460772+00:00", "service": "backend", "level": "INFO", "message": "request completed", "request_id": "112e9c9e-ef08-4570-ad2e-118cb8c4d94e", "correlation_id": "8bb0d875-29bb-4fbd-80ca-eec6b842b968", "method": "GET", "endpoint": "/api/v1/solicitudes/27a74f3b-4ab3-4d3f-ad59-239e1ddaeb6b", "status_code": 200, "elapsed_ms": 3.608}
{"timestamp": "2026-08-03T06:21:00.062990+00:00", "service": "backend", "level": "INFO", "message": "request completed", "request_id": "40d516ff-3dad-4a7e-9d9e-b15a12a19567", "method": "POST", "endpoint": "/api/v1/solicitudes", "status_code": 201, "elapsed_ms": 34.985}
{"timestamp": "2026-08-03T06:21:00.073007+00:00", "service": "backend", "level": "WARNING", "message": "A solicitud with this external ID already exists", "request_id": "8d5c8b08-1316-4c96-b648-eddd86a02ace", "method": "POST", "endpoint": "/api/v1/solicitudes", "status_code": 409, "error": {"type": "ConflictError", "detail": "A solicitud with this external ID already exists"}}
{"timestamp": "2026-08-03T06:21:00.073509+00:00", "service": "backend", "level": "INFO", "message": "request completed", "request_id": "8d5c8b08-1316-4c96-b648-eddd86a02ace", "method": "POST", "endpoint": "/api/v1/solicitudes", "status_code": 409, "elapsed_ms": 44.917}
{"timestamp": "2026-08-03T06:21:00.104460+00:00", "service": "backend", "level": "INFO", "message": "request completed", "request_id": "f0a2f5a3-49e9-44e6-acfc-37ade3896b53", "method": "POST", "endpoint": "/api/v1/solicitudes", "status_code": 201, "elapsed_ms": 4.428}
{"timestamp": "2026-08-03T06:21:00.122741+00:00", "service": "backend", "level": "WARNING", "message": "A solicitud with this external ID already exists", "request_id": "1aeaf1af-478b-4795-817f-120626eaf384", "method": "POST", "endpoint": "/api/v1/solicitudes", "status_code": 409, "error": {"type": "ConflictError", "detail": "A solicitud with this external ID already exists"}}
{"timestamp": "2026-08-03T06:21:00.123457+00:00", "service": "backend", "level": "INFO", "message": "request completed", "request_id": "1aeaf1af-478b-4795-817f-120626eaf384", "method": "POST", "endpoint": "/api/v1/solicitudes", "status_code": 409, "elapsed_ms": 5.181}
{"timestamp": "2026-08-03T06:21:00.135895+00:00", "service": "backend", "level": "INFO", "message": "health check ok", "request_id": "b6ad8dcc-cc95-4afd-b98f-54296ccebc85", "endpoint": "/health", "status_code": 200}
{"timestamp": "2026-08-03T06:21:00.136545+00:00", "service": "backend", "level": "INFO", "message": "request completed", "request_id": "b6ad8dcc-cc95-4afd-b98f-54296ccebc85", "method": "GET", "endpoint": "/health", "status_code": 200, "elapsed_ms": 6.639}
{"timestamp": "2026-08-03T06:21:00.146709+00:00", "service": "backend", "level": "INFO", "message": "database readiness check ok", "request_id": "19928f70-6834-437a-a15b-cfe01ae757a7", "endpoint": "/health/ready", "status_code": 200}
{"timestamp": "2026-08-03T06:21:00.147316+00:00", "service": "backend", "level": "INFO", "message": "request completed", "request_id": "19928f70-6834-437a-a15b-cfe01ae757a7", "method": "GET", "endpoint": "/health/ready", "status_code": 200, "elapsed_ms": 5.172}
{"timestamp": "2026-08-03T06:21:00.156546+00:00", "service": "backend", "level": "ERROR", "message": "database readiness check failed", "request_id": "708a3e53-28a2-4eb5-acc9-c1141a581f9c", "endpoint": "/health/ready", "status_code": 503, "error": {"type": "ConnectionError", "detail": "database is down"}}
{"timestamp": "2026-08-03T06:21:00.156942+00:00", "service": "backend", "level": "WARNING", "message": "Database is unavailable", "request_id": "708a3e53-28a2-4eb5-acc9-c1141a581f9c", "method": "GET", "endpoint": "/health/ready", "status_code": 503, "error": {"type": "DatabaseUnavailableError", "detail": "Database is unavailable"}}
{"timestamp": "2026-08-03T06:21:00.157234+00:00", "service": "backend", "level": "ERROR", "message": "request completed", "request_id": "708a3e53-28a2-4eb5-acc9-c1141a581f9c", "method": "GET", "endpoint": "/health/ready", "status_code": 503, "elapsed_ms": 3.883}
{"timestamp": "2026-08-03T06:21:00.173148+00:00", "service": "backend", "level": "INFO", "message": "request completed", "request_id": "ae94066f-b842-4742-a8a5-d62e64ecc637", "method": "GET", "endpoint": "/api/v1/solicitudes/12345678-1234-5678-1234-567812345678", "status_code": 200, "elapsed_ms": 3.519}
{"timestamp": "2026-08-03T06:21:00.189982+00:00", "service": "backend", "level": "WARNING", "message": "Solicitud was not found", "request_id": "b9ef6ea4-2ce2-4dcd-ad4c-c6017e14d594", "method": "GET", "endpoint": "/api/v1/solicitudes/00000000-0000-0000-0000-000000000000", "status_code": 404, "error": {"type": "ResourceNotFoundError", "detail": "Solicitud was not found"}}
{"timestamp": "2026-08-03T06:21:00.190565+00:00", "service": "backend", "level": "INFO", "message": "request completed", "request_id": "b9ef6ea4-2ce2-4dcd-ad4c-c6017e14d594", "method": "GET", "endpoint": "/api/v1/solicitudes/00000000-0000-0000-0000-000000000000", "status_code": 404, "elapsed_ms": 3.673}
{"timestamp": "2026-08-03T06:21:00.209227+00:00", "service": "backend", "level": "INFO", "message": "request completed", "request_id": "57b713b9-0a29-40f3-ad11-34974f4caa78", "method": "GET", "endpoint": "/api/v1/solicitudes", "status_code": 200, "elapsed_ms": 12.615}
{"timestamp": "2026-08-03T06:21:00.621316+00:00", "service": "backend", "level": "INFO", "message": "health check ok", "request_id": "a254513d-9d18-463e-acb3-3d9d4184b407", "endpoint": "/health", "status_code": 200}
{"timestamp": "2026-08-03T06:21:00.622267+00:00", "service": "backend", "level": "INFO", "message": "request completed", "request_id": "a254513d-9d18-463e-acb3-3d9d4184b407", "method": "GET", "endpoint": "/health", "status_code": 200, "elapsed_ms": 1.959}
{"timestamp": "2026-08-03T06:21:00.960885+00:00", "service": "backend", "level": "INFO", "message": "request completed", "request_id": "c654e7ac-94f7-4084-9ab4-009d465a2366", "method": "PATCH", "endpoint": "/api/v1/solicitudes/12345678-1234-5678-1234-567812345678/estado", "status_code": 200, "elapsed_ms": 6.55}
{"timestamp": "2026-08-03T06:21:00.969329+00:00", "service": "backend", "level": "WARNING", "message": "Solicitud was not found", "request_id": "53f63fd6-71af-4208-942d-1bb383566747", "method": "PATCH", "endpoint": "/api/v1/solicitudes/00000000-0000-0000-0000-000000000000/estado", "status_code": 404, "error": {"type": "ResourceNotFoundError", "detail": "Solicitud was not found"}}
{"timestamp": "2026-08-03T06:21:00.969871+00:00", "service": "backend", "level": "INFO", "message": "request completed", "request_id": "53f63fd6-71af-4208-942d-1bb383566747", "method": "PATCH", "endpoint": "/api/v1/solicitudes/00000000-0000-0000-0000-000000000000/estado", "status_code": 404, "elapsed_ms": 4.512}
{"timestamp": "2026-08-03T06:21:00.983090+00:00", "service": "backend", "level": "INFO", "message": "request completed", "request_id": "e691bf16-21a0-44a0-8d19-5b2080c85708", "method": "PATCH", "endpoint": "/api/v1/solicitudes/12345678-1234-5678-1234-567812345678/estado", "status_code": 422, "elapsed_ms": 4.35}
{"timestamp": "2026-08-03T06:21:00.989196+00:00", "service": "consumer", "level": "WARNING", "message": "consumer temporary server error", "request_id": "EXT-001", "correlation_id": "12345678-1234-5678-1234-567812345678", "method": "POST", "endpoint": "/solicitudes", "status_code": 503, "elapsed_ms": 0.411, "attempt": 1, "error": {"type": "RuntimeError", "detail": "HTTP 503"}}
{"timestamp": "2026-08-03T06:21:00.991519+00:00", "service": "consumer", "level": "WARNING", "message": "consumer temporary server error", "request_id": "EXT-001", "correlation_id": "12345678-1234-5678-1234-567812345678", "method": "POST", "endpoint": "/solicitudes", "status_code": 503, "elapsed_ms": 0.832, "attempt": 2, "error": {"type": "RuntimeError", "detail": "HTTP 503"}}
{"timestamp": "2026-08-03T06:21:00.991865+00:00", "service": "consumer", "level": "INFO", "message": "consumer request completed", "request_id": "EXT-001", "correlation_id": "12345678-1234-5678-1234-567812345678", "method": "POST", "endpoint": "/solicitudes", "status_code": 201, "elapsed_ms": 0.158, "attempt": 3}
{"timestamp": "2026-08-03T06:21:00.994649+00:00", "service": "consumer", "level": "WARNING", "message": "consumer temporary connection error", "request_id": "EXT-001", "correlation_id": "12345678-1234-5678-1234-567812345678", "method": "GET", "endpoint": "/solicitudes/123", "elapsed_ms": 0.23, "attempt": 1, "error": {"type": "ConnectError", "detail": "connection refused"}}
{"timestamp": "2026-08-03T06:21:00.995245+00:00", "service": "consumer", "level": "INFO", "message": "consumer request completed", "request_id": "EXT-001", "correlation_id": "12345678-1234-5678-1234-567812345678", "method": "GET", "endpoint": "/solicitudes/123", "status_code": 200, "elapsed_ms": 0.248, "attempt": 2}
{"timestamp": "2026-08-03T06:21:00.998970+00:00", "service": "consumer", "level": "ERROR", "message": "consumer definitive client error", "request_id": "EXT-INVALID", "correlation_id": "12345678-1234-5678-1234-567812345678", "method": "POST", "endpoint": "/solicitudes", "status_code": 422, "elapsed_ms": 0.289, "attempt": 1}
{"timestamp": "2026-08-03T06:21:01.001835+00:00", "service": "consumer", "level": "ERROR", "message": "consumer definitive client error", "request_id": "CONSUMER-12345678-001", "correlation_id": "12345678-1234-5678-1234-567812345678", "method": "POST", "endpoint": "/solicitudes", "status_code": 400, "elapsed_ms": 0.481, "attempt": 1}
{"timestamp": "2026-08-03T06:21:01.002503+00:00", "service": "consumer", "level": "INFO", "message": "consumer request completed", "request_id": "CONSUMER-12345678-002", "correlation_id": "12345678-1234-5678-1234-567812345678", "method": "POST", "endpoint": "/solicitudes", "status_code": 201, "elapsed_ms": 0.257, "attempt": 1}
{"timestamp": "2026-08-03T06:21:01.002829+00:00", "service": "consumer", "level": "INFO", "message": "consumer request completed", "request_id": "CONSUMER-12345678-002", "correlation_id": "12345678-1234-5678-1234-567812345678", "method": "GET", "endpoint": "/solicitudes/created-2", "status_code": 200, "elapsed_ms": 0.218, "attempt": 1}
{"timestamp": "2026-08-03T06:21:01.003070+00:00", "service": "consumer", "level": "INFO", "message": "consumer request completed", "request_id": "CONSUMER-12345678-003", "correlation_id": "12345678-1234-5678-1234-567812345678", "method": "POST", "endpoint": "/solicitudes", "status_code": 201, "elapsed_ms": 0.162, "attempt": 1}
{"timestamp": "2026-08-03T06:21:01.003325+00:00", "service": "consumer", "level": "INFO", "message": "consumer request completed", "request_id": "CONSUMER-12345678-003", "correlation_id": "12345678-1234-5678-1234-567812345678", "method": "GET", "endpoint": "/solicitudes/created-3", "status_code": 200, "elapsed_ms": 0.183, "attempt": 1}
{"timestamp": "2026-08-03T06:21:15.975617+00:00", "service": "backend", "level": "INFO", "message": "health check ok", "request_id": "ad257e07-e98d-4afa-8e0a-378b7dee3416", "endpoint": "/health", "status_code": 200}
{"timestamp": "2026-08-03T06:21:15.976164+00:00", "service": "backend", "level": "INFO", "message": "request completed", "request_id": "ad257e07-e98d-4afa-8e0a-378b7dee3416", "method": "GET", "endpoint": "/health", "status_code": 200, "elapsed_ms": 1.029}
{"timestamp": "2026-08-03T06:21:28.561695+00:00", "service": "backend", "level": "INFO", "message": "health check ok", "request_id": "a4b00a13-e36e-4f56-af95-5db206f7ffa6", "endpoint": "/health", "status_code": 200}
{"timestamp": "2026-08-03T06:21:28.562543+00:00", "service": "backend", "level": "INFO", "message": "request completed", "request_id": "a4b00a13-e36e-4f56-af95-5db206f7ffa6", "method": "GET", "endpoint": "/health", "status_code": 200, "elapsed_ms": 1.561}
{"timestamp": "2026-08-03T06:21:43.991297+00:00", "service": "backend", "level": "INFO", "message": "health check ok", "request_id": "ccc20df4-73cf-4ddd-8402-f907d54d1eaa", "endpoint": "/health", "status_code": 200}
{"timestamp": "2026-08-03T06:21:43.992272+00:00", "service": "backend", "level": "INFO", "message": "request completed", "request_id": "ccc20df4-73cf-4ddd-8402-f907d54d1eaa", "method": "GET", "endpoint": "/health", "status_code": 200, "elapsed_ms": 2.45}
{"timestamp": "2026-08-03T06:21:56.646783+00:00", "service": "backend", "level": "INFO", "message": "health check ok", "request_id": "b2e50cdc-127e-4f05-bd8f-0ad0ddb0bd86", "endpoint": "/health", "status_code": 200}
{"timestamp": "2026-08-03T06:21:56.647980+00:00", "service": "backend", "level": "INFO", "message": "request completed", "request_id": "b2e50cdc-127e-4f05-bd8f-0ad0ddb0bd86", "method": "GET", "endpoint": "/health", "status_code": 200, "elapsed_ms": 3.004}
{"timestamp": "2026-08-03T06:22:12.008483+00:00", "service": "backend", "level": "INFO", "message": "health check ok", "request_id": "a20da2bb-2eba-406c-878d-240a49d53362", "endpoint": "/health", "status_code": 200}
{"timestamp": "2026-08-03T06:22:12.009183+00:00", "service": "backend", "level": "INFO", "message": "request completed", "request_id": "a20da2bb-2eba-406c-878d-240a49d53362", "method": "GET", "endpoint": "/health", "status_code": 200, "elapsed_ms": 1.675}
{"timestamp": "2026-08-03T06:22:24.615949+00:00", "service": "backend", "level": "INFO", "message": "health check ok", "request_id": "9aeba84d-490b-43f6-ad01-290fa53d00b1", "endpoint": "/health", "status_code": 200}
{"timestamp": "2026-08-03T06:22:24.616627+00:00", "service": "backend", "level": "INFO", "message": "request completed", "request_id": "9aeba84d-490b-43f6-ad01-290fa53d00b1", "method": "GET", "endpoint": "/health", "status_code": 200, "elapsed_ms": 1.329}
{"timestamp": "2026-08-03T06:22:39.982622+00:00", "service": "backend", "level": "INFO", "message": "health check ok", "request_id": "475e1cf2-a263-436b-9f98-133eb2961395", "endpoint": "/health", "status_code": 200}
{"timestamp": "2026-08-03T06:22:39.983235+00:00", "service": "backend", "level": "INFO", "message": "request completed", "request_id": "475e1cf2-a263-436b-9f98-133eb2961395", "method": "GET", "endpoint": "/health", "status_code": 200, "elapsed_ms": 1.562}
{"timestamp": "2026-08-03T06:22:52.724010+00:00", "service": "backend", "level": "INFO", "message": "health check ok", "request_id": "5ea00845-9535-439a-bb08-28cae8de210b", "endpoint": "/health", "status_code": 200}
{"timestamp": "2026-08-03T06:22:52.724690+00:00", "service": "backend", "level": "INFO", "message": "request completed", "request_id": "5ea00845-9535-439a-bb08-28cae8de210b", "method": "GET", "endpoint": "/health", "status_code": 200, "elapsed_ms": 1.543}
{"timestamp": "2026-08-03T06:23:08.059775+00:00", "service": "backend", "level": "INFO", "message": "health check ok", "request_id": "deb1e243-9142-4d01-9750-c05fdda40234", "endpoint": "/health", "status_code": 200}
{"timestamp": "2026-08-03T06:23:08.060452+00:00", "service": "backend", "level": "INFO", "message": "request completed", "request_id": "deb1e243-9142-4d01-9750-c05fdda40234", "method": "GET", "endpoint": "/health", "status_code": 200, "elapsed_ms": 1.718}
{"timestamp": "2026-08-03T06:23:20.643609+00:00", "service": "backend", "level": "INFO", "message": "health check ok", "request_id": "87775f74-e83e-468c-a40e-db86c6064628", "endpoint": "/health", "status_code": 200}
{"timestamp": "2026-08-03T06:23:20.644471+00:00", "service": "backend", "level": "INFO", "message": "request completed", "request_id": "87775f74-e83e-468c-a40e-db86c6064628", "method": "GET", "endpoint": "/health", "status_code": 200, "elapsed_ms": 1.633}
{"timestamp": "2026-08-03T06:23:36.037763+00:00", "service": "backend", "level": "INFO", "message": "health check ok", "request_id": "eb9d40f4-4d99-4dcf-88e4-3385338f72a0", "endpoint": "/health", "status_code": 200}
{"timestamp": "2026-08-03T06:23:36.038313+00:00", "service": "backend", "level": "INFO", "message": "request completed", "request_id": "eb9d40f4-4d99-4dcf-88e4-3385338f72a0", "method": "GET", "endpoint": "/health", "status_code": 200, "elapsed_ms": 1.549}
{"timestamp": "2026-08-03T06:23:48.882698+00:00", "service": "backend", "level": "INFO", "message": "health check ok", "request_id": "2624a5bc-5b89-4846-af51-1309ff8acbae", "endpoint": "/health", "status_code": 200}
{"timestamp": "2026-08-03T06:23:48.883833+00:00", "service": "backend", "level": "INFO", "message": "request completed", "request_id": "2624a5bc-5b89-4846-af51-1309ff8acbae", "method": "GET", "endpoint": "/health", "status_code": 200, "elapsed_ms": 1.804}
{"timestamp": "2026-08-03T06:24:04.591460+00:00", "service": "backend", "level": "INFO", "message": "health check ok", "request_id": "820eea9d-79e3-4ca1-ac19-a7585d8503e4", "endpoint": "/health", "status_code": 200}
{"timestamp": "2026-08-03T06:24:04.592999+00:00", "service": "backend", "level": "INFO", "message": "request completed", "request_id": "820eea9d-79e3-4ca1-ac19-a7585d8503e4", "method": "GET", "endpoint": "/health", "status_code": 200, "elapsed_ms": 11.877}
{"timestamp": "2026-08-03T06:24:17.340784+00:00", "service": "backend", "level": "INFO", "message": "health check ok", "request_id": "65dac16f-46bc-4b82-9ff2-956ca651c366", "endpoint": "/health", "status_code": 200}
{"timestamp": "2026-08-03T06:24:17.341413+00:00", "service": "backend", "level": "INFO", "message": "request completed", "request_id": "65dac16f-46bc-4b82-9ff2-956ca651c366", "method": "GET", "endpoint": "/health", "status_code": 200, "elapsed_ms": 1.452}
{"timestamp": "2026-08-03T06:24:23.640987+00:00", "service": "backend", "level": "INFO", "message": "request completed", "request_id": "0a005217-d700-47ec-83e4-7de9dd6fbf57", "method": "POST", "endpoint": "/api/v1/solicitudes", "status_code": 201, "elapsed_ms": 15.366}
{"timestamp": "2026-08-03T06:24:23.656865+00:00", "service": "backend", "level": "WARNING", "message": "A solicitud with this external ID already exists", "request_id": "4913035e-dffc-4343-893e-5a48088ffe5c", "method": "POST", "endpoint": "/api/v1/solicitudes", "status_code": 409, "error": {"type": "ConflictError", "detail": "A solicitud with this external ID already exists"}}
{"timestamp": "2026-08-03T06:24:23.657333+00:00", "service": "backend", "level": "INFO", "message": "request completed", "request_id": "4913035e-dffc-4343-893e-5a48088ffe5c", "method": "POST", "endpoint": "/api/v1/solicitudes", "status_code": 409, "elapsed_ms": 7.036}
{"timestamp": "2026-08-03T06:24:23.667872+00:00", "service": "backend", "level": "INFO", "message": "request completed", "request_id": "a3d32532-f6e6-4d47-833f-192b0b974fd0", "method": "POST", "endpoint": "/api/v1/solicitudes", "status_code": 422, "elapsed_ms": 5.031}
{"timestamp": "2026-08-03T06:24:23.678996+00:00", "service": "backend", "level": "INFO", "message": "request completed", "request_id": "25dcdc75-607b-4f99-867b-a3c7e0c3bea1", "method": "POST", "endpoint": "/api/v1/solicitudes", "status_code": 422, "elapsed_ms": 4.077}
{"timestamp": "2026-08-03T06:24:23.693335+00:00", "service": "backend", "level": "INFO", "message": "request completed", "request_id": "3a6ef008-23ed-43a9-8955-840705a67d67", "method": "POST", "endpoint": "/api/v1/solicitudes", "status_code": 422, "elapsed_ms": 4.742}
{"timestamp": "2026-08-03T06:24:28.894081+00:00", "service": "backend", "level": "INFO", "message": "request completed", "request_id": "b1c38919-d582-4dd5-b9d6-3f8222059e51", "method": "POST", "endpoint": "/api/v1/solicitudes", "status_code": 201, "elapsed_ms": 33.253}
{"timestamp": "2026-08-03T06:24:28.897760+00:00", "service": "backend", "level": "WARNING", "message": "A solicitud with this external ID already exists", "request_id": "2119bfd0-e441-483b-a218-77e9530293d3", "method": "POST", "endpoint": "/api/v1/solicitudes", "status_code": 409, "error": {"type": "ConflictError", "detail": "A solicitud with this external ID already exists"}}
{"timestamp": "2026-08-03T06:24:28.899334+00:00", "service": "backend", "level": "INFO", "message": "request completed", "request_id": "2119bfd0-e441-483b-a218-77e9530293d3", "method": "POST", "endpoint": "/api/v1/solicitudes", "status_code": 409, "elapsed_ms": 38.078}
{"timestamp": "2026-08-03T06:24:28.931733+00:00", "service": "backend", "level": "INFO", "message": "request completed", "request_id": "8d1294d7-bd04-4554-881d-e321dc731630", "method": "POST", "endpoint": "/api/v1/solicitudes", "status_code": 201, "elapsed_ms": 8.32}
{"timestamp": "2026-08-03T06:24:28.943635+00:00", "service": "backend", "level": "WARNING", "message": "A solicitud with this external ID already exists", "request_id": "0dbdfcdb-6dfd-453f-986c-16f293faf05e", "method": "POST", "endpoint": "/api/v1/solicitudes", "status_code": 409, "error": {"type": "ConflictError", "detail": "A solicitud with this external ID already exists"}}
{"timestamp": "2026-08-03T06:24:28.944440+00:00", "service": "backend", "level": "INFO", "message": "request completed", "request_id": "0dbdfcdb-6dfd-453f-986c-16f293faf05e", "method": "POST", "endpoint": "/api/v1/solicitudes", "status_code": 409, "elapsed_ms": 5.651}
{"timestamp": "2026-08-03T06:24:28.959094+00:00", "service": "backend", "level": "INFO", "message": "request completed", "request_id": "d731bc90-c6e8-4f32-8d8e-88b538a5fe46", "method": "POST", "endpoint": "/api/v1/solicitudes", "status_code": 422, "elapsed_ms": 3.522}
{"timestamp": "2026-08-03T06:24:28.975669+00:00", "service": "backend", "level": "INFO", "message": "request completed", "request_id": "5b1d9278-a6f1-44d9-9d39-b68d1067e715", "method": "POST", "endpoint": "/api/v1/solicitudes", "status_code": 422, "elapsed_ms": 6.42}
{"timestamp": "2026-08-03T06:24:28.994692+00:00", "service": "backend", "level": "INFO", "message": "request completed", "request_id": "174dc611-9c20-43d4-b5df-51fe5ba0bfa3", "method": "POST", "endpoint": "/api/v1/solicitudes", "status_code": 422, "elapsed_ms": 5.718}
{"timestamp": "2026-08-03T06:24:29.008720+00:00", "service": "backend", "level": "INFO", "message": "health check ok", "request_id": "75dada46-1f22-4a71-9be8-8741b9bf01ff", "endpoint": "/health", "status_code": 200}
{"timestamp": "2026-08-03T06:24:29.009554+00:00", "service": "backend", "level": "INFO", "message": "request completed", "request_id": "75dada46-1f22-4a71-9be8-8741b9bf01ff", "method": "GET", "endpoint": "/health", "status_code": 200, "elapsed_ms": 8.765}
{"timestamp": "2026-08-03T06:24:29.019590+00:00", "service": "backend", "level": "INFO", "message": "database readiness check ok", "request_id": "3a0f310b-e83f-457e-8bf0-794d8415b2ac", "endpoint": "/health/ready", "status_code": 200}
{"timestamp": "2026-08-03T06:24:29.020129+00:00", "service": "backend", "level": "INFO", "message": "request completed", "request_id": "3a0f310b-e83f-457e-8bf0-794d8415b2ac", "method": "GET", "endpoint": "/health/ready", "status_code": 200, "elapsed_ms": 5.093}
{"timestamp": "2026-08-03T06:24:29.029583+00:00", "service": "backend", "level": "ERROR", "message": "database readiness check failed", "request_id": "6351a6e7-30ec-42a1-8427-534ef7c43bcb", "endpoint": "/health/ready", "status_code": 503, "error": {"type": "ConnectionError", "detail": "database is down"}}
{"timestamp": "2026-08-03T06:24:29.029877+00:00", "service": "backend", "level": "WARNING", "message": "Database is unavailable", "request_id": "6351a6e7-30ec-42a1-8427-534ef7c43bcb", "method": "GET", "endpoint": "/health/ready", "status_code": 503, "error": {"type": "DatabaseUnavailableError", "detail": "Database is unavailable"}}
{"timestamp": "2026-08-03T06:24:29.030085+00:00", "service": "backend", "level": "ERROR", "message": "request completed", "request_id": "6351a6e7-30ec-42a1-8427-534ef7c43bcb", "method": "GET", "endpoint": "/health/ready", "status_code": 503, "elapsed_ms": 3.777}
{"timestamp": "2026-08-03T06:24:29.043269+00:00", "service": "backend", "level": "INFO", "message": "request completed", "request_id": "5c665450-b81b-40bb-a02f-05f783578457", "method": "GET", "endpoint": "/api/v1/solicitudes/12345678-1234-5678-1234-567812345678", "status_code": 200, "elapsed_ms": 4.58}
{"timestamp": "2026-08-03T06:24:29.052420+00:00", "service": "backend", "level": "WARNING", "message": "Solicitud was not found", "request_id": "44631014-188d-4fc8-ad65-5bf01e35fc21", "method": "GET", "endpoint": "/api/v1/solicitudes/00000000-0000-0000-0000-000000000000", "status_code": 404, "error": {"type": "ResourceNotFoundError", "detail": "Solicitud was not found"}}
{"timestamp": "2026-08-03T06:24:29.053021+00:00", "service": "backend", "level": "INFO", "message": "request completed", "request_id": "44631014-188d-4fc8-ad65-5bf01e35fc21", "method": "GET", "endpoint": "/api/v1/solicitudes/00000000-0000-0000-0000-000000000000", "status_code": 404, "elapsed_ms": 4.72}
{"timestamp": "2026-08-03T06:24:29.070391+00:00", "service": "backend", "level": "INFO", "message": "request completed", "request_id": "c2e7f596-2f4a-411f-b891-f37967d002c9", "method": "GET", "endpoint": "/api/v1/solicitudes", "status_code": 200, "elapsed_ms": 8.868}
{"timestamp": "2026-08-03T06:24:29.894995+00:00", "service": "backend", "level": "INFO", "message": "request completed", "request_id": "4bd9c33f-f3a8-49e4-a601-d2a5366280ef", "method": "PATCH", "endpoint": "/api/v1/solicitudes/12345678-1234-5678-1234-567812345678/estado", "status_code": 200, "elapsed_ms": 5.416}
{"timestamp": "2026-08-03T06:24:29.907220+00:00", "service": "backend", "level": "WARNING", "message": "Solicitud was not found", "request_id": "226f6c25-5fbd-4f30-adff-5bbdf39f399c", "method": "PATCH", "endpoint": "/api/v1/solicitudes/00000000-0000-0000-0000-000000000000/estado", "status_code": 404, "error": {"type": "ResourceNotFoundError", "detail": "Solicitud was not found"}}
{"timestamp": "2026-08-03T06:24:29.907566+00:00", "service": "backend", "level": "INFO", "message": "request completed", "request_id": "226f6c25-5fbd-4f30-adff-5bbdf39f399c", "method": "PATCH", "endpoint": "/api/v1/solicitudes/00000000-0000-0000-0000-000000000000/estado", "status_code": 404, "elapsed_ms": 6.691}
{"timestamp": "2026-08-03T06:24:29.916591+00:00", "service": "backend", "level": "INFO", "message": "request completed", "request_id": "1f3ec7e4-b535-4fc7-9d49-289f4931e775", "method": "PATCH", "endpoint": "/api/v1/solicitudes/12345678-1234-5678-1234-567812345678/estado", "status_code": 422, "elapsed_ms": 3.353}
{"timestamp": "2026-08-03T06:24:29.920993+00:00", "service": "consumer", "level": "WARNING", "message": "consumer temporary server error", "request_id": "EXT-001", "correlation_id": "12345678-1234-5678-1234-567812345678", "method": "POST", "endpoint": "/solicitudes", "status_code": 503, "elapsed_ms": 0.632, "attempt": 1, "error": {"type": "RuntimeError", "detail": "HTTP 503"}}
{"timestamp": "2026-08-03T06:24:29.922710+00:00", "service": "consumer", "level": "WARNING", "message": "consumer temporary server error", "request_id": "EXT-001", "correlation_id": "12345678-1234-5678-1234-567812345678", "method": "POST", "endpoint": "/solicitudes", "status_code": 503, "elapsed_ms": 0.647, "attempt": 2, "error": {"type": "RuntimeError", "detail": "HTTP 503"}}
{"timestamp": "2026-08-03T06:24:29.923081+00:00", "service": "consumer", "level": "INFO", "message": "consumer request completed", "request_id": "EXT-001", "correlation_id": "12345678-1234-5678-1234-567812345678", "method": "POST", "endpoint": "/solicitudes", "status_code": 201, "elapsed_ms": 0.201, "attempt": 3}
{"timestamp": "2026-08-03T06:24:29.928316+00:00", "service": "consumer", "level": "WARNING", "message": "consumer temporary connection error", "request_id": "EXT-001", "correlation_id": "12345678-1234-5678-1234-567812345678", "method": "GET", "endpoint": "/solicitudes/123", "elapsed_ms": 0.243, "attempt": 1, "error": {"type": "ConnectError", "detail": "connection refused"}}
{"timestamp": "2026-08-03T06:24:29.929122+00:00", "service": "consumer", "level": "INFO", "message": "consumer request completed", "request_id": "EXT-001", "correlation_id": "12345678-1234-5678-1234-567812345678", "method": "GET", "endpoint": "/solicitudes/123", "status_code": 200, "elapsed_ms": 0.242, "attempt": 2}
{"timestamp": "2026-08-03T06:24:29.931794+00:00", "service": "consumer", "level": "ERROR", "message": "consumer definitive client error", "request_id": "EXT-INVALID", "correlation_id": "12345678-1234-5678-1234-567812345678", "method": "POST", "endpoint": "/solicitudes", "status_code": 422, "elapsed_ms": 0.225, "attempt": 1}
{"timestamp": "2026-08-03T06:24:29.933990+00:00", "service": "consumer", "level": "ERROR", "message": "consumer definitive client error", "request_id": "CONSUMER-12345678-001", "correlation_id": "12345678-1234-5678-1234-567812345678", "method": "POST", "endpoint": "/solicitudes", "status_code": 400, "elapsed_ms": 0.285, "attempt": 1}
{"timestamp": "2026-08-03T06:24:29.934265+00:00", "service": "consumer", "level": "INFO", "message": "consumer request completed", "request_id": "CONSUMER-12345678-002", "correlation_id": "12345678-1234-5678-1234-567812345678", "method": "POST", "endpoint": "/solicitudes", "status_code": 201, "elapsed_ms": 0.158, "attempt": 1}
{"timestamp": "2026-08-03T06:24:29.934474+00:00", "service": "consumer", "level": "INFO", "message": "consumer request completed", "request_id": "CONSUMER-12345678-002", "correlation_id": "12345678-1234-5678-1234-567812345678", "method": "GET", "endpoint": "/solicitudes/created-2", "status_code": 200, "elapsed_ms": 0.137, "attempt": 1}
{"timestamp": "2026-08-03T06:24:29.934674+00:00", "service": "consumer", "level": "INFO", "message": "consumer request completed", "request_id": "CONSUMER-12345678-003", "correlation_id": "12345678-1234-5678-1234-567812345678", "method": "POST", "endpoint": "/solicitudes", "status_code": 201, "elapsed_ms": 0.131, "attempt": 1}
{"timestamp": "2026-08-03T06:24:29.934857+00:00", "service": "consumer", "level": "INFO", "message": "consumer request completed", "request_id": "CONSUMER-12345678-003", "correlation_id": "12345678-1234-5678-1234-567812345678", "method": "GET", "endpoint": "/solicitudes/created-3", "status_code": 200, "elapsed_ms": 0.121, "attempt": 1}
{"timestamp": "2026-08-03T06:24:32.789450+00:00", "service": "backend", "level": "INFO", "message": "health check ok", "request_id": "b362e149-09a3-48ab-86c6-ac16d1fef6d3", "endpoint": "/health", "status_code": 200}
{"timestamp": "2026-08-03T06:24:32.790548+00:00", "service": "backend", "level": "INFO", "message": "request completed", "request_id": "b362e149-09a3-48ab-86c6-ac16d1fef6d3", "method": "GET", "endpoint": "/health", "status_code": 200, "elapsed_ms": 1.806}
{"timestamp": "2026-08-03T06:24:45.425836+00:00", "service": "backend", "level": "INFO", "message": "health check ok", "request_id": "05f874df-ae46-41c4-8d29-edcb18fbf4ab", "endpoint": "/health", "status_code": 200}
{"timestamp": "2026-08-03T06:24:45.426985+00:00", "service": "backend", "level": "INFO", "message": "request completed", "request_id": "05f874df-ae46-41c4-8d29-edcb18fbf4ab", "method": "GET", "endpoint": "/health", "status_code": 200, "elapsed_ms": 2.881}
{"timestamp": "2026-08-03T06:24:58.573755+00:00", "service": "backend", "level": "INFO", "message": "health check ok", "request_id": "373ec33e-4029-4e13-8681-42d697c9dad8", "endpoint": "/health", "status_code": 200}
{"timestamp": "2026-08-03T06:24:58.575945+00:00", "service": "backend", "level": "INFO", "message": "request completed", "request_id": "373ec33e-4029-4e13-8681-42d697c9dad8", "method": "GET", "endpoint": "/health", "status_code": 200, "elapsed_ms": 4.69}
{"timestamp": "2026-08-03T06:25:13.893047+00:00", "service": "backend", "level": "INFO", "message": "health check ok", "request_id": "80e62dd0-9712-44a1-a382-3d641408a92b", "endpoint": "/health", "status_code": 200}
{"timestamp": "2026-08-03T06:25:13.893608+00:00", "service": "backend", "level": "INFO", "message": "request completed", "request_id": "80e62dd0-9712-44a1-a382-3d641408a92b", "method": "GET", "endpoint": "/health", "status_code": 200, "elapsed_ms": 1.067}
{"timestamp": "2026-08-03T06:25:26.536690+00:00", "service": "backend", "level": "INFO", "message": "health check ok", "request_id": "5dc8342b-8bdd-4d03-a12d-ce19efdc9fe3", "endpoint": "/health", "status_code": 200}
{"timestamp": "2026-08-03T06:25:26.537445+00:00", "service": "backend", "level": "INFO", "message": "request completed", "request_id": "5dc8342b-8bdd-4d03-a12d-ce19efdc9fe3", "method": "GET", "endpoint": "/health", "status_code": 200, "elapsed_ms": 1.568}
{"timestamp": "2026-08-03T06:25:41.901798+00:00", "service": "backend", "level": "INFO", "message": "health check ok", "request_id": "b1b9ea13-6a7a-41b7-a18b-df5a2960702c", "endpoint": "/health", "status_code": 200}
{"timestamp": "2026-08-03T06:25:41.902813+00:00", "service": "backend", "level": "INFO", "message": "request completed", "request_id": "b1b9ea13-6a7a-41b7-a18b-df5a2960702c", "method": "GET", "endpoint": "/health", "status_code": 200, "elapsed_ms": 2.3}
{"timestamp": "2026-08-03T06:25:54.653150+00:00", "service": "backend", "level": "INFO", "message": "health check ok", "request_id": "6b960998-0b54-4e5f-a61a-a2b5ff55f18f", "endpoint": "/health", "status_code": 200}
{"timestamp": "2026-08-03T06:25:54.654319+00:00", "service": "backend", "level": "INFO", "message": "request completed", "request_id": "6b960998-0b54-4e5f-a61a-a2b5ff55f18f", "method": "GET", "endpoint": "/health", "status_code": 200, "elapsed_ms": 1.887}
{"timestamp": "2026-08-03T06:26:10.076415+00:00", "service": "backend", "level": "INFO", "message": "health check ok", "request_id": "f3b86402-19a3-4760-a110-d8c6f3751546", "endpoint": "/health", "status_code": 200}
{"timestamp": "2026-08-03T06:26:10.077009+00:00", "service": "backend", "level": "INFO", "message": "request completed", "request_id": "f3b86402-19a3-4760-a110-d8c6f3751546", "method": "GET", "endpoint": "/health", "status_code": 200, "elapsed_ms": 1.179}
{"timestamp": "2026-08-03T06:26:22.787177+00:00", "service": "backend", "level": "INFO", "message": "health check ok", "request_id": "7eccd159-b127-482a-8e77-b7000962086d", "endpoint": "/health", "status_code": 200}
{"timestamp": "2026-08-03T06:26:22.788108+00:00", "service": "backend", "level": "INFO", "message": "request completed", "request_id": "7eccd159-b127-482a-8e77-b7000962086d", "method": "GET", "endpoint": "/health", "status_code": 200, "elapsed_ms": 2.007}
{"timestamp": "2026-08-03T06:26:38.122283+00:00", "service": "backend", "level": "INFO", "message": "health check ok", "request_id": "fccc261c-6758-45f1-8cb4-81006177568b", "endpoint": "/health", "status_code": 200}
{"timestamp": "2026-08-03T06:26:38.123192+00:00", "service": "backend", "level": "INFO", "message": "request completed", "request_id": "fccc261c-6758-45f1-8cb4-81006177568b", "method": "GET", "endpoint": "/health", "status_code": 200, "elapsed_ms": 1.896}
{"timestamp": "2026-08-03T06:26:50.749530+00:00", "service": "backend", "level": "INFO", "message": "health check ok", "request_id": "f7fef2be-ea50-4c5c-bcf0-a82366998abd", "endpoint": "/health", "status_code": 200}
{"timestamp": "2026-08-03T06:26:50.750185+00:00", "service": "backend", "level": "INFO", "message": "request completed", "request_id": "f7fef2be-ea50-4c5c-bcf0-a82366998abd", "method": "GET", "endpoint": "/health", "status_code": 200, "elapsed_ms": 1.264}
{"timestamp": "2026-08-03T06:27:06.053713+00:00", "service": "backend", "level": "INFO", "message": "health check ok", "request_id": "6ff0f90e-476f-402a-a9af-62df170e911b", "endpoint": "/health", "status_code": 200}
{"timestamp": "2026-08-03T06:27:06.054353+00:00", "service": "backend", "level": "INFO", "message": "request completed", "request_id": "6ff0f90e-476f-402a-a9af-62df170e911b", "method": "GET", "endpoint": "/health", "status_code": 200, "elapsed_ms": 1.517}
{"timestamp": "2026-08-03T06:27:18.662016+00:00", "service": "backend", "level": "INFO", "message": "health check ok", "request_id": "c62bd04e-f3f2-462c-8509-bdc5a8cdb9d8", "endpoint": "/health", "status_code": 200}
{"timestamp": "2026-08-03T06:27:18.662721+00:00", "service": "backend", "level": "INFO", "message": "request completed", "request_id": "c62bd04e-f3f2-462c-8509-bdc5a8cdb9d8", "method": "GET", "endpoint": "/health", "status_code": 200, "elapsed_ms": 1.542}
{"timestamp": "2026-08-03T06:27:34.019059+00:00", "service": "backend", "level": "INFO", "message": "health check ok", "request_id": "6c72e2c9-1e00-48c6-98d2-3c5596a3dff5", "endpoint": "/health", "status_code": 200}
{"timestamp": "2026-08-03T06:27:34.020072+00:00", "service": "backend", "level": "INFO", "message": "request completed", "request_id": "6c72e2c9-1e00-48c6-98d2-3c5596a3dff5", "method": "GET", "endpoint": "/health", "status_code": 200, "elapsed_ms": 1.6}
{"timestamp": "2026-08-03T06:27:46.960619+00:00", "service": "backend", "level": "INFO", "message": "health check ok", "request_id": "46163784-185f-425c-9908-001f6e5fab81", "endpoint": "/health", "status_code": 200}
{"timestamp": "2026-08-03T06:27:46.963049+00:00", "service": "backend", "level": "INFO", "message": "request completed", "request_id": "46163784-185f-425c-9908-001f6e5fab81", "method": "GET", "endpoint": "/health", "status_code": 200, "elapsed_ms": 3.074}
{"timestamp": "2026-08-03T06:28:02.327619+00:00", "service": "backend", "level": "INFO", "message": "health check ok", "request_id": "5885db1e-db2a-4319-98dd-cfb4214bcc88", "endpoint": "/health", "status_code": 200}
{"timestamp": "2026-08-03T06:28:02.328598+00:00", "service": "backend", "level": "INFO", "message": "request completed", "request_id": "5885db1e-db2a-4319-98dd-cfb4214bcc88", "method": "GET", "endpoint": "/health", "status_code": 200, "elapsed_ms": 2.747}
{"timestamp": "2026-08-03T06:28:15.206665+00:00", "service": "backend", "level": "INFO", "message": "health check ok", "request_id": "12cede7a-59a1-42c7-bd4d-31c569403e68", "endpoint": "/health", "status_code": 200}
{"timestamp": "2026-08-03T06:28:15.207429+00:00", "service": "backend", "level": "INFO", "message": "request completed", "request_id": "12cede7a-59a1-42c7-bd4d-31c569403e68", "method": "GET", "endpoint": "/health", "status_code": 200, "elapsed_ms": 1.392}
{"timestamp": "2026-08-03T06:28:30.639522+00:00", "service": "backend", "level": "INFO", "message": "health check ok", "request_id": "87e59944-1287-4eb5-bc6d-e38d3be4a31f", "endpoint": "/health", "status_code": 200}
{"timestamp": "2026-08-03T06:28:30.640357+00:00", "service": "backend", "level": "INFO", "message": "request completed", "request_id": "87e59944-1287-4eb5-bc6d-e38d3be4a31f", "method": "GET", "endpoint": "/health", "status_code": 200, "elapsed_ms": 1.777}
{"timestamp": "2026-08-03T06:28:43.484001+00:00", "service": "backend", "level": "INFO", "message": "health check ok", "request_id": "80fb988d-dd3c-465d-865f-e8423c1c0174", "endpoint": "/health", "status_code": 200}
{"timestamp": "2026-08-03T06:28:43.484756+00:00", "service": "backend", "level": "INFO", "message": "request completed", "request_id": "80fb988d-dd3c-465d-865f-e8423c1c0174", "method": "GET", "endpoint": "/health", "status_code": 200, "elapsed_ms": 1.808}
{"timestamp": "2026-08-03T06:28:58.937993+00:00", "service": "backend", "level": "INFO", "message": "health check ok", "request_id": "e8c161c8-4659-4ec1-9775-b0786a498327", "endpoint": "/health", "status_code": 200}
{"timestamp": "2026-08-03T06:28:58.938863+00:00", "service": "backend", "level": "INFO", "message": "request completed", "request_id": "e8c161c8-4659-4ec1-9775-b0786a498327", "method": "GET", "endpoint": "/health", "status_code": 200, "elapsed_ms": 1.587}
{"timestamp": "2026-08-03T06:29:11.557389+00:00", "service": "backend", "level": "INFO", "message": "health check ok", "request_id": "1e9fdcae-925a-40f1-9f8e-fc37db3f0c3f", "endpoint": "/health", "status_code": 200}
{"timestamp": "2026-08-03T06:29:11.559295+00:00", "service": "backend", "level": "INFO", "message": "request completed", "request_id": "1e9fdcae-925a-40f1-9f8e-fc37db3f0c3f", "method": "GET", "endpoint": "/health", "status_code": 200, "elapsed_ms": 3.428}
{"timestamp": "2026-08-03T06:29:27.021221+00:00", "service": "backend", "level": "INFO", "message": "health check ok", "request_id": "912db562-ceaf-4c15-9da3-6733aafe5787", "endpoint": "/health", "status_code": 200}
{"timestamp": "2026-08-03T06:29:27.021837+00:00", "service": "backend", "level": "INFO", "message": "request completed", "request_id": "912db562-ceaf-4c15-9da3-6733aafe5787", "method": "GET", "endpoint": "/health", "status_code": 200, "elapsed_ms": 1.159}
{"timestamp": "2026-08-03T06:29:39.719322+00:00", "service": "backend", "level": "INFO", "message": "health check ok", "request_id": "0ddae84f-b5ca-4af4-8441-6a3b78d55697", "endpoint": "/health", "status_code": 200}
{"timestamp": "2026-08-03T06:29:39.720261+00:00", "service": "backend", "level": "INFO", "message": "request completed", "request_id": "0ddae84f-b5ca-4af4-8441-6a3b78d55697", "method": "GET", "endpoint": "/health", "status_code": 200, "elapsed_ms": 2.038}
{"timestamp": "2026-08-03T06:29:55.160536+00:00", "service": "backend", "level": "INFO", "message": "health check ok", "request_id": "2f62cfc6-6155-43fa-9483-7f7274cf5c68", "endpoint": "/health", "status_code": 200}
{"timestamp": "2026-08-03T06:29:55.162015+00:00", "service": "backend", "level": "INFO", "message": "request completed", "request_id": "2f62cfc6-6155-43fa-9483-7f7274cf5c68", "method": "GET", "endpoint": "/health", "status_code": 200, "elapsed_ms": 4.028}
{"timestamp": "2026-08-03T06:30:08.383930+00:00", "service": "backend", "level": "INFO", "message": "health check ok", "request_id": "dc5d1310-5a17-4b52-a858-a9e6c00de7da", "endpoint": "/health", "status_code": 200}
{"timestamp": "2026-08-03T06:30:08.385274+00:00", "service": "backend", "level": "INFO", "message": "request completed", "request_id": "dc5d1310-5a17-4b52-a858-a9e6c00de7da", "method": "GET", "endpoint": "/health", "status_code": 200, "elapsed_ms": 2.861}
{"timestamp": "2026-08-03T06:30:23.881958+00:00", "service": "backend", "level": "INFO", "message": "health check ok", "request_id": "923271c0-840b-487a-a731-180d7980751c", "endpoint": "/health", "status_code": 200}
{"timestamp": "2026-08-03T06:30:23.882548+00:00", "service": "backend", "level": "INFO", "message": "request completed", "request_id": "923271c0-840b-487a-a731-180d7980751c", "method": "GET", "endpoint": "/health", "status_code": 200, "elapsed_ms": 1.169}
{"timestamp": "2026-08-03T06:30:36.582868+00:00", "service": "backend", "level": "INFO", "message": "health check ok", "request_id": "82af4ae7-abdb-4422-b800-57edf17b048a", "endpoint": "/health", "status_code": 200}
{"timestamp": "2026-08-03T06:30:36.583752+00:00", "service": "backend", "level": "INFO", "message": "request completed", "request_id": "82af4ae7-abdb-4422-b800-57edf17b048a", "method": "GET", "endpoint": "/health", "status_code": 200, "elapsed_ms": 1.924}
{"timestamp": "2026-08-03T06:30:52.322686+00:00", "service": "backend", "level": "INFO", "message": "health check ok", "request_id": "0f829e56-9453-4b46-89a0-a36c8672777b", "endpoint": "/health", "status_code": 200}
{"timestamp": "2026-08-03T06:30:52.324589+00:00", "service": "backend", "level": "INFO", "message": "request completed", "request_id": "0f829e56-9453-4b46-89a0-a36c8672777b", "method": "GET", "endpoint": "/health", "status_code": 200, "elapsed_ms": 8.695}
{"timestamp": "2026-08-03T06:31:04.943812+00:00", "service": "backend", "level": "INFO", "message": "health check ok", "request_id": "3c8bb860-6f65-4d2b-95c3-d74bde43f1c2", "endpoint": "/health", "status_code": 200}
{"timestamp": "2026-08-03T06:31:04.944407+00:00", "service": "backend", "level": "INFO", "message": "request completed", "request_id": "3c8bb860-6f65-4d2b-95c3-d74bde43f1c2", "method": "GET", "endpoint": "/health", "status_code": 200, "elapsed_ms": 1.245}
{"timestamp": "2026-08-03T06:31:20.356190+00:00", "service": "backend", "level": "INFO", "message": "health check ok", "request_id": "dbcd92fe-18b9-4cb5-8778-10421b350f21", "endpoint": "/health", "status_code": 200}
{"timestamp": "2026-08-03T06:31:20.360458+00:00", "service": "backend", "level": "INFO", "message": "request completed", "request_id": "dbcd92fe-18b9-4cb5-8778-10421b350f21", "method": "GET", "endpoint": "/health", "status_code": 200, "elapsed_ms": 5.309}
{"timestamp": "2026-08-03T06:31:33.027514+00:00", "service": "backend", "level": "INFO", "message": "health check ok", "request_id": "4e6ce57a-c6a2-4e7b-baad-f4d9c16ed415", "endpoint": "/health", "status_code": 200}
{"timestamp": "2026-08-03T06:31:33.028289+00:00", "service": "backend", "level": "INFO", "message": "request completed", "request_id": "4e6ce57a-c6a2-4e7b-baad-f4d9c16ed415", "method": "GET", "endpoint": "/health", "status_code": 200, "elapsed_ms": 1.831}
{"timestamp": "2026-08-03T06:31:48.402372+00:00", "service": "backend", "level": "INFO", "message": "health check ok", "request_id": "e44251b3-0c96-4e5b-a5a4-3e281b14f070", "endpoint": "/health", "status_code": 200}
{"timestamp": "2026-08-03T06:31:48.403572+00:00", "service": "backend", "level": "INFO", "message": "request completed", "request_id": "e44251b3-0c96-4e5b-a5a4-3e281b14f070", "method": "GET", "endpoint": "/health", "status_code": 200, "elapsed_ms": 2.696}
{"timestamp": "2026-08-03T06:32:01.296163+00:00", "service": "backend", "level": "INFO", "message": "health check ok", "request_id": "0d7f1afc-0ace-4fb5-8c2e-2f4ead8e3a4f", "endpoint": "/health", "status_code": 200}
{"timestamp": "2026-08-03T06:32:01.296969+00:00", "service": "backend", "level": "INFO", "message": "request completed", "request_id": "0d7f1afc-0ace-4fb5-8c2e-2f4ead8e3a4f", "method": "GET", "endpoint": "/health", "status_code": 200, "elapsed_ms": 1.733}
{"timestamp": "2026-08-03T06:32:16.634338+00:00", "service": "backend", "level": "INFO", "message": "health check ok", "request_id": "cbfe0fab-6928-47f7-9082-97345af0d3e0", "endpoint": "/health", "status_code": 200}
{"timestamp": "2026-08-03T06:32:16.635750+00:00", "service": "backend", "level": "INFO", "message": "request completed", "request_id": "cbfe0fab-6928-47f7-9082-97345af0d3e0", "method": "GET", "endpoint": "/health", "status_code": 200, "elapsed_ms": 2.211}
{"timestamp": "2026-08-03T06:32:29.243296+00:00", "service": "backend", "level": "INFO", "message": "health check ok", "request_id": "37331865-069c-431d-95be-ef90b1e5c3b9", "endpoint": "/health", "status_code": 200}
{"timestamp": "2026-08-03T06:32:29.244550+00:00", "service": "backend", "level": "INFO", "message": "request completed", "request_id": "37331865-069c-431d-95be-ef90b1e5c3b9", "method": "GET", "endpoint": "/health", "status_code": 200, "elapsed_ms": 3.351}
{"timestamp": "2026-08-03T06:32:44.575310+00:00", "service": "backend", "level": "INFO", "message": "health check ok", "request_id": "21686b7f-2a91-42bb-97b6-3949b3a31c09", "endpoint": "/health", "status_code": 200}
{"timestamp": "2026-08-03T06:32:44.576001+00:00", "service": "backend", "level": "INFO", "message": "request completed", "request_id": "21686b7f-2a91-42bb-97b6-3949b3a31c09", "method": "GET", "endpoint": "/health", "status_code": 200, "elapsed_ms": 1.611}
{"timestamp": "2026-08-03T06:32:57.211226+00:00", "service": "backend", "level": "INFO", "message": "health check ok", "request_id": "90e09ee8-526e-427a-80ea-92e1939321f2", "endpoint": "/health", "status_code": 200}
{"timestamp": "2026-08-03T06:32:57.212055+00:00", "service": "backend", "level": "INFO", "message": "request completed", "request_id": "90e09ee8-526e-427a-80ea-92e1939321f2", "method": "GET", "endpoint": "/health", "status_code": 200, "elapsed_ms": 1.248}
{"timestamp": "2026-08-03T06:33:09.794970+00:00", "service": "backend", "level": "INFO", "message": "health check ok", "request_id": "901346bd-18b3-43fe-abf1-943cc08c3085", "endpoint": "/health", "status_code": 200}
{"timestamp": "2026-08-03T06:33:09.795652+00:00", "service": "backend", "level": "INFO", "message": "request completed", "request_id": "901346bd-18b3-43fe-abf1-943cc08c3085", "method": "GET", "endpoint": "/health", "status_code": 200, "elapsed_ms": 1.496}
{"timestamp": "2026-08-03T06:33:25.169298+00:00", "service": "backend", "level": "INFO", "message": "health check ok", "request_id": "a6838d29-67bb-4c0b-a713-216ec9652d20", "endpoint": "/health", "status_code": 200}
{"timestamp": "2026-08-03T06:33:25.170487+00:00", "service": "backend", "level": "INFO", "message": "request completed", "request_id": "a6838d29-67bb-4c0b-a713-216ec9652d20", "method": "GET", "endpoint": "/health", "status_code": 200, "elapsed_ms": 1.881}
{"timestamp": "2026-08-03T06:33:37.799810+00:00", "service": "backend", "level": "INFO", "message": "health check ok", "request_id": "7fed827c-ef3e-49aa-9dd3-ebca884e9d0f", "endpoint": "/health", "status_code": 200}
{"timestamp": "2026-08-03T06:33:37.800525+00:00", "service": "backend", "level": "INFO", "message": "request completed", "request_id": "7fed827c-ef3e-49aa-9dd3-ebca884e9d0f", "method": "GET", "endpoint": "/health", "status_code": 200, "elapsed_ms": 1.267}
{"timestamp": "2026-08-03T06:33:53.190972+00:00", "service": "backend", "level": "INFO", "message": "health check ok", "request_id": "c60630f0-bd44-4d00-9653-644740fb6850", "endpoint": "/health", "status_code": 200}
{"timestamp": "2026-08-03T06:33:53.191745+00:00", "service": "backend", "level": "INFO", "message": "request completed", "request_id": "c60630f0-bd44-4d00-9653-644740fb6850", "method": "GET", "endpoint": "/health", "status_code": 200, "elapsed_ms": 1.767}
{"timestamp": "2026-08-03T06:34:05.837217+00:00", "service": "backend", "level": "INFO", "message": "health check ok", "request_id": "01e8122c-d7cc-49d7-93b2-a05b81bffbcb", "endpoint": "/health", "status_code": 200}
{"timestamp": "2026-08-03T06:34:05.837850+00:00", "service": "backend", "level": "INFO", "message": "request completed", "request_id": "01e8122c-d7cc-49d7-93b2-a05b81bffbcb", "method": "GET", "endpoint": "/health", "status_code": 200, "elapsed_ms": 1.185}
{"timestamp": "2026-08-03T06:34:21.164701+00:00", "service": "backend", "level": "INFO", "message": "health check ok", "request_id": "99990302-a654-4019-8077-47969942e697", "endpoint": "/health", "status_code": 200}
{"timestamp": "2026-08-03T06:34:21.165275+00:00", "service": "backend", "level": "INFO", "message": "request completed", "request_id": "99990302-a654-4019-8077-47969942e697", "method": "GET", "endpoint": "/health", "status_code": 200, "elapsed_ms": 1.047}
{"timestamp": "2026-08-03T06:34:33.756339+00:00", "service": "backend", "level": "INFO", "message": "health check ok", "request_id": "5d30ef4d-3bf0-400b-90a7-0edef8a43d67", "endpoint": "/health", "status_code": 200}
{"timestamp": "2026-08-03T06:34:33.757168+00:00", "service": "backend", "level": "INFO", "message": "request completed", "request_id": "5d30ef4d-3bf0-400b-90a7-0edef8a43d67", "method": "GET", "endpoint": "/health", "status_code": 200, "elapsed_ms": 1.378}
{"timestamp": "2026-08-03T06:34:49.293334+00:00", "service": "backend", "level": "INFO", "message": "health check ok", "request_id": "d3005b9a-dc7c-42c2-a5fc-a72508523879", "endpoint": "/health", "status_code": 200}
{"timestamp": "2026-08-03T06:34:49.294379+00:00", "service": "backend", "level": "INFO", "message": "request completed", "request_id": "d3005b9a-dc7c-42c2-a5fc-a72508523879", "method": "GET", "endpoint": "/health", "status_code": 200, "elapsed_ms": 1.83}
{"timestamp": "2026-08-03T06:35:01.953268+00:00", "service": "backend", "level": "INFO", "message": "health check ok", "request_id": "50dd6b9f-2554-4e9f-bd65-ce26a75998c7", "endpoint": "/health", "status_code": 200}
{"timestamp": "2026-08-03T06:35:01.953960+00:00", "service": "backend", "level": "INFO", "message": "request completed", "request_id": "50dd6b9f-2554-4e9f-bd65-ce26a75998c7", "method": "GET", "endpoint": "/health", "status_code": 200, "elapsed_ms": 1.527}
{"timestamp": "2026-08-03T06:35:17.304200+00:00", "service": "backend", "level": "INFO", "message": "health check ok", "request_id": "c6751a6a-73fe-48c7-a73e-d7baa65eb4dc", "endpoint": "/health", "status_code": 200}
{"timestamp": "2026-08-03T06:35:17.304864+00:00", "service": "backend", "level": "INFO", "message": "request completed", "request_id": "c6751a6a-73fe-48c7-a73e-d7baa65eb4dc", "method": "GET", "endpoint": "/health", "status_code": 200, "elapsed_ms": 1.214}
{"timestamp": "2026-08-03T06:35:29.892810+00:00", "service": "backend", "level": "INFO", "message": "health check ok", "request_id": "bac510cb-b5d1-4a9f-bc47-3800253c3bf4", "endpoint": "/health", "status_code": 200}
{"timestamp": "2026-08-03T06:35:29.893424+00:00", "service": "backend", "level": "INFO", "message": "request completed", "request_id": "bac510cb-b5d1-4a9f-bc47-3800253c3bf4", "method": "GET", "endpoint": "/health", "status_code": 200, "elapsed_ms": 1.376}
{"timestamp": "2026-08-03T06:35:45.208994+00:00", "service": "backend", "level": "INFO", "message": "health check ok", "request_id": "87890f96-536c-454a-a357-e0f010c8d2d0", "endpoint": "/health", "status_code": 200}
{"timestamp": "2026-08-03T06:35:45.209761+00:00", "service": "backend", "level": "INFO", "message": "request completed", "request_id": "87890f96-536c-454a-a357-e0f010c8d2d0", "method": "GET", "endpoint": "/health", "status_code": 200, "elapsed_ms": 1.763}
{"timestamp": "2026-08-03T06:35:57.877943+00:00", "service": "backend", "level": "INFO", "message": "health check ok", "request_id": "29d01803-2cd8-487f-b1e8-54fcc341cf2c", "endpoint": "/health", "status_code": 200}
{"timestamp": "2026-08-03T06:35:57.878848+00:00", "service": "backend", "level": "INFO", "message": "request completed", "request_id": "29d01803-2cd8-487f-b1e8-54fcc341cf2c", "method": "GET", "endpoint": "/health", "status_code": 200, "elapsed_ms": 1.845}
{"timestamp": "2026-08-03T06:36:13.223195+00:00", "service": "backend", "level": "INFO", "message": "health check ok", "request_id": "aa5bb0a1-abea-4e76-bca2-7fe540fa5008", "endpoint": "/health", "status_code": 200}
{"timestamp": "2026-08-03T06:36:13.224057+00:00", "service": "backend", "level": "INFO", "message": "request completed", "request_id": "aa5bb0a1-abea-4e76-bca2-7fe540fa5008", "method": "GET", "endpoint": "/health", "status_code": 200, "elapsed_ms": 1.55}
{"timestamp": "2026-08-03T06:36:25.922000+00:00", "service": "backend", "level": "INFO", "message": "health check ok", "request_id": "08788f19-9f45-4dbd-bd67-634503c6cf48", "endpoint": "/health", "status_code": 200}
{"timestamp": "2026-08-03T06:36:25.922744+00:00", "service": "backend", "level": "INFO", "message": "request completed", "request_id": "08788f19-9f45-4dbd-bd67-634503c6cf48", "method": "GET", "endpoint": "/health", "status_code": 200, "elapsed_ms": 1.682}
{"timestamp": "2026-08-03T06:36:41.297310+00:00", "service": "backend", "level": "INFO", "message": "health check ok", "request_id": "d0944b52-6f24-4de2-bd50-08027543fa3b", "endpoint": "/health", "status_code": 200}
{"timestamp": "2026-08-03T06:36:41.298489+00:00", "service": "backend", "level": "INFO", "message": "request completed", "request_id": "d0944b52-6f24-4de2-bd50-08027543fa3b", "method": "GET", "endpoint": "/health", "status_code": 200, "elapsed_ms": 1.854}
{"timestamp": "2026-08-03T06:36:54.166768+00:00", "service": "backend", "level": "INFO", "message": "health check ok", "request_id": "f317422c-6a5d-406a-8bea-41326ee38345", "endpoint": "/health", "status_code": 200}
{"timestamp": "2026-08-03T06:36:54.167402+00:00", "service": "backend", "level": "INFO", "message": "request completed", "request_id": "f317422c-6a5d-406a-8bea-41326ee38345", "method": "GET", "endpoint": "/health", "status_code": 200, "elapsed_ms": 1.208}
{"timestamp": "2026-08-03T06:37:09.743310+00:00", "service": "backend", "level": "INFO", "message": "health check ok", "request_id": "866cacd4-6ea2-42cc-adfc-f93998e38210", "endpoint": "/health", "status_code": 200}
{"timestamp": "2026-08-03T06:37:09.744288+00:00", "service": "backend", "level": "INFO", "message": "request completed", "request_id": "866cacd4-6ea2-42cc-adfc-f93998e38210", "method": "GET", "endpoint": "/health", "status_code": 200, "elapsed_ms": 1.871}
{"timestamp": "2026-08-03T06:37:22.581560+00:00", "service": "backend", "level": "INFO", "message": "health check ok", "request_id": "c8c9cdb6-bea3-4587-a848-94df7befda97", "endpoint": "/health", "status_code": 200}
{"timestamp": "2026-08-03T06:37:22.582259+00:00", "service": "backend", "level": "INFO", "message": "request completed", "request_id": "c8c9cdb6-bea3-4587-a848-94df7befda97", "method": "GET", "endpoint": "/health", "status_code": 200, "elapsed_ms": 1.642}
{"timestamp": "2026-08-03T06:37:37.917781+00:00", "service": "backend", "level": "INFO", "message": "health check ok", "request_id": "c0323f66-5ce9-4b49-a826-272b6d04052b", "endpoint": "/health", "status_code": 200}
{"timestamp": "2026-08-03T06:37:37.918703+00:00", "service": "backend", "level": "INFO", "message": "request completed", "request_id": "c0323f66-5ce9-4b49-a826-272b6d04052b", "method": "GET", "endpoint": "/health", "status_code": 200, "elapsed_ms": 1.428}
{"timestamp": "2026-08-03T06:37:50.548409+00:00", "service": "backend", "level": "INFO", "message": "health check ok", "request_id": "bb430217-bbd9-45e0-b810-2e782b83af4f", "endpoint": "/health", "status_code": 200}
{"timestamp": "2026-08-03T06:37:50.548941+00:00", "service": "backend", "level": "INFO", "message": "request completed", "request_id": "bb430217-bbd9-45e0-b810-2e782b83af4f", "method": "GET", "endpoint": "/health", "status_code": 200, "elapsed_ms": 1.418}
{"timestamp": "2026-08-03T06:38:05.975896+00:00", "service": "backend", "level": "INFO", "message": "health check ok", "request_id": "bf5ac71e-863a-4700-91cd-70435439de7a", "endpoint": "/health", "status_code": 200}
{"timestamp": "2026-08-03T06:38:05.976539+00:00", "service": "backend", "level": "INFO", "message": "request completed", "request_id": "bf5ac71e-863a-4700-91cd-70435439de7a", "method": "GET", "endpoint": "/health", "status_code": 200, "elapsed_ms": 1.24}
{"timestamp": "2026-08-03T06:38:18.576334+00:00", "service": "backend", "level": "INFO", "message": "health check ok", "request_id": "3d360e71-51b2-4d22-9942-f5e6cf876c4a", "endpoint": "/health", "status_code": 200}
{"timestamp": "2026-08-03T06:38:18.577738+00:00", "service": "backend", "level": "INFO", "message": "request completed", "request_id": "3d360e71-51b2-4d22-9942-f5e6cf876c4a", "method": "GET", "endpoint": "/health", "status_code": 200, "elapsed_ms": 2.839}
{"timestamp": "2026-08-03T06:38:33.991171+00:00", "service": "backend", "level": "INFO", "message": "health check ok", "request_id": "f4af3173-0cf9-4d19-8517-1ef8af82af7b", "endpoint": "/health", "status_code": 200}
{"timestamp": "2026-08-03T06:38:33.992353+00:00", "service": "backend", "level": "INFO", "message": "request completed", "request_id": "f4af3173-0cf9-4d19-8517-1ef8af82af7b", "method": "GET", "endpoint": "/health", "status_code": 200, "elapsed_ms": 2.229}
{"timestamp": "2026-08-03T06:38:46.619694+00:00", "service": "backend", "level": "INFO", "message": "health check ok", "request_id": "778195cc-4d98-4070-8f61-84b7d280afe8", "endpoint": "/health", "status_code": 200}
{"timestamp": "2026-08-03T06:38:46.620674+00:00", "service": "backend", "level": "INFO", "message": "request completed", "request_id": "778195cc-4d98-4070-8f61-84b7d280afe8", "method": "GET", "endpoint": "/health", "status_code": 200, "elapsed_ms": 1.756}
{"timestamp": "2026-08-03T06:39:01.988574+00:00", "service": "backend", "level": "INFO", "message": "health check ok", "request_id": "1d7b16e1-2771-4c77-af72-8db0cd5f3eb4", "endpoint": "/health", "status_code": 200}
{"timestamp": "2026-08-03T06:39:01.989514+00:00", "service": "backend", "level": "INFO", "message": "request completed", "request_id": "1d7b16e1-2771-4c77-af72-8db0cd5f3eb4", "method": "GET", "endpoint": "/health", "status_code": 200, "elapsed_ms": 1.844}
{"timestamp": "2026-08-03T06:39:14.773547+00:00", "service": "backend", "level": "INFO", "message": "health check ok", "request_id": "7a2e2cdd-fa13-4072-8df4-a465c8721d7e", "endpoint": "/health", "status_code": 200}
{"timestamp": "2026-08-03T06:39:14.774484+00:00", "service": "backend", "level": "INFO", "message": "request completed", "request_id": "7a2e2cdd-fa13-4072-8df4-a465c8721d7e", "method": "GET", "endpoint": "/health", "status_code": 200, "elapsed_ms": 1.894}
{"timestamp": "2026-08-03T06:39:30.104907+00:00", "service": "backend", "level": "INFO", "message": "health check ok", "request_id": "09571d0d-672a-4074-8374-09df1362af76", "endpoint": "/health", "status_code": 200}
{"timestamp": "2026-08-03T06:39:30.105902+00:00", "service": "backend", "level": "INFO", "message": "request completed", "request_id": "09571d0d-672a-4074-8374-09df1362af76", "method": "GET", "endpoint": "/health", "status_code": 200, "elapsed_ms": 2.017}
{"timestamp": "2026-08-03T06:39:42.845021+00:00", "service": "backend", "level": "INFO", "message": "health check ok", "request_id": "00b26496-5d5d-4ce1-a4f5-42e4f446d8ba", "endpoint": "/health", "status_code": 200}
{"timestamp": "2026-08-03T06:39:42.845746+00:00", "service": "backend", "level": "INFO", "message": "request completed", "request_id": "00b26496-5d5d-4ce1-a4f5-42e4f446d8ba", "method": "GET", "endpoint": "/health", "status_code": 200, "elapsed_ms": 1.429}
{"timestamp": "2026-08-03T06:39:58.171144+00:00", "service": "backend", "level": "INFO", "message": "health check ok", "request_id": "ec1c6a8a-d6c0-4a52-b184-70816f5acb87", "endpoint": "/health", "status_code": 200}
{"timestamp": "2026-08-03T06:39:58.171636+00:00", "service": "backend", "level": "INFO", "message": "request completed", "request_id": "ec1c6a8a-d6c0-4a52-b184-70816f5acb87", "method": "GET", "endpoint": "/health", "status_code": 200, "elapsed_ms": 1.149}
{"timestamp": "2026-08-03T06:40:10.775933+00:00", "service": "backend", "level": "INFO", "message": "health check ok", "request_id": "c5b8c6df-e81b-4157-b3bd-e5fe35c9ad41", "endpoint": "/health", "status_code": 200}
{"timestamp": "2026-08-03T06:40:10.777085+00:00", "service": "backend", "level": "INFO", "message": "request completed", "request_id": "c5b8c6df-e81b-4157-b3bd-e5fe35c9ad41", "method": "GET", "endpoint": "/health", "status_code": 200, "elapsed_ms": 2.43}
{"timestamp": "2026-08-03T06:40:26.153658+00:00", "service": "backend", "level": "INFO", "message": "health check ok", "request_id": "44048129-20f5-4368-8c7b-fec70455a281", "endpoint": "/health", "status_code": 200}
{"timestamp": "2026-08-03T06:40:26.155263+00:00", "service": "backend", "level": "INFO", "message": "request completed", "request_id": "44048129-20f5-4368-8c7b-fec70455a281", "method": "GET", "endpoint": "/health", "status_code": 200, "elapsed_ms": 2.604}
{"timestamp": "2026-08-03T06:40:38.786047+00:00", "service": "backend", "level": "INFO", "message": "health check ok", "request_id": "8d0d0802-9f4c-4a1b-9544-b03a0049b26d", "endpoint": "/health", "status_code": 200}
{"timestamp": "2026-08-03T06:40:38.786647+00:00", "service": "backend", "level": "INFO", "message": "request completed", "request_id": "8d0d0802-9f4c-4a1b-9544-b03a0049b26d", "method": "GET", "endpoint": "/health", "status_code": 200, "elapsed_ms": 2.017}
{"timestamp": "2026-08-03T06:40:54.109338+00:00", "service": "backend", "level": "INFO", "message": "health check ok", "request_id": "5a80364a-4b69-4ab5-9749-a74fa8f0dfeb", "endpoint": "/health", "status_code": 200}
{"timestamp": "2026-08-03T06:40:54.110705+00:00", "service": "backend", "level": "INFO", "message": "request completed", "request_id": "5a80364a-4b69-4ab5-9749-a74fa8f0dfeb", "method": "GET", "endpoint": "/health", "status_code": 200, "elapsed_ms": 3.272}
{"timestamp": "2026-08-03T06:41:06.788786+00:00", "service": "backend", "level": "INFO", "message": "health check ok", "request_id": "d99ef317-49ec-4a79-bc80-bd4cce814a96", "endpoint": "/health", "status_code": 200}
{"timestamp": "2026-08-03T06:41:06.790086+00:00", "service": "backend", "level": "INFO", "message": "request completed", "request_id": "d99ef317-49ec-4a79-bc80-bd4cce814a96", "method": "GET", "endpoint": "/health", "status_code": 200, "elapsed_ms": 2.355}
{"timestamp": "2026-08-03T06:41:22.391877+00:00", "service": "backend", "level": "INFO", "message": "health check ok", "request_id": "6de619a7-a25b-426d-ae37-5f517c0f42e8", "endpoint": "/health", "status_code": 200}
{"timestamp": "2026-08-03T06:41:22.392649+00:00", "service": "backend", "level": "INFO", "message": "request completed", "request_id": "6de619a7-a25b-426d-ae37-5f517c0f42e8", "method": "GET", "endpoint": "/health", "status_code": 200, "elapsed_ms": 1.595}
{"timestamp": "2026-08-03T06:41:35.585722+00:00", "service": "backend", "level": "INFO", "message": "health check ok", "request_id": "72e30b84-9347-4e40-a76d-ef5ee822d885", "endpoint": "/health", "status_code": 200}
{"timestamp": "2026-08-03T06:41:35.590518+00:00", "service": "backend", "level": "INFO", "message": "request completed", "request_id": "72e30b84-9347-4e40-a76d-ef5ee822d885", "method": "GET", "endpoint": "/health", "status_code": 200, "elapsed_ms": 5.5}
{"timestamp": "2026-08-03T06:41:48.825361+00:00", "service": "backend", "level": "INFO", "message": "health check ok", "request_id": "fce629a4-3719-4b79-a359-a58669de7b9f", "endpoint": "/health", "status_code": 200}
{"timestamp": "2026-08-03T06:41:48.826411+00:00", "service": "backend", "level": "INFO", "message": "request completed", "request_id": "fce629a4-3719-4b79-a359-a58669de7b9f", "method": "GET", "endpoint": "/health", "status_code": 200, "elapsed_ms": 1.851}
{"timestamp": "2026-08-03T06:42:04.218796+00:00", "service": "backend", "level": "INFO", "message": "health check ok", "request_id": "ca1b6f10-7ab4-40c1-87ba-cc2cad6a54b4", "endpoint": "/health", "status_code": 200}
{"timestamp": "2026-08-03T06:42:04.219676+00:00", "service": "backend", "level": "INFO", "message": "request completed", "request_id": "ca1b6f10-7ab4-40c1-87ba-cc2cad6a54b4", "method": "GET", "endpoint": "/health", "status_code": 200, "elapsed_ms": 1.702}
{"timestamp": "2026-08-03T06:42:17.099286+00:00", "service": "backend", "level": "INFO", "message": "health check ok", "request_id": "0ee9b2a6-20fe-4e31-bf5b-24d6dc4adedb", "endpoint": "/health", "status_code": 200}
{"timestamp": "2026-08-03T06:42:17.100116+00:00", "service": "backend", "level": "INFO", "message": "request completed", "request_id": "0ee9b2a6-20fe-4e31-bf5b-24d6dc4adedb", "method": "GET", "endpoint": "/health", "status_code": 200, "elapsed_ms": 1.575}
{"timestamp": "2026-08-03T06:42:32.515381+00:00", "service": "backend", "level": "INFO", "message": "health check ok", "request_id": "6dcb1b65-cf75-43fa-bdfe-d2876627ced9", "endpoint": "/health", "status_code": 200}
{"timestamp": "2026-08-03T06:42:32.516621+00:00", "service": "backend", "level": "INFO", "message": "request completed", "request_id": "6dcb1b65-cf75-43fa-bdfe-d2876627ced9", "method": "GET", "endpoint": "/health", "status_code": 200, "elapsed_ms": 2.008}
{"timestamp": "2026-08-03T06:42:45.132692+00:00", "service": "backend", "level": "INFO", "message": "health check ok", "request_id": "7533e71d-7ace-4c40-97c4-228144b6c20b", "endpoint": "/health", "status_code": 200}
{"timestamp": "2026-08-03T06:42:45.133509+00:00", "service": "backend", "level": "INFO", "message": "request completed", "request_id": "7533e71d-7ace-4c40-97c4-228144b6c20b", "method": "GET", "endpoint": "/health", "status_code": 200, "elapsed_ms": 1.887}
{"timestamp": "2026-08-03T06:43:00.482901+00:00", "service": "backend", "level": "INFO", "message": "health check ok", "request_id": "bfb4f91f-8531-4edf-bdd3-5eb27c803df0", "endpoint": "/health", "status_code": 200}
{"timestamp": "2026-08-03T06:43:00.483892+00:00", "service": "backend", "level": "INFO", "message": "request completed", "request_id": "bfb4f91f-8531-4edf-bdd3-5eb27c803df0", "method": "GET", "endpoint": "/health", "status_code": 200, "elapsed_ms": 1.447}
{"timestamp": "2026-08-03T06:43:13.144127+00:00", "service": "backend", "level": "INFO", "message": "health check ok", "request_id": "fe12c8cf-1c1a-4335-afc5-bfb20c6efe44", "endpoint": "/health", "status_code": 200}
{"timestamp": "2026-08-03T06:43:13.144881+00:00", "service": "backend", "level": "INFO", "message": "request completed", "request_id": "fe12c8cf-1c1a-4335-afc5-bfb20c6efe44", "method": "GET", "endpoint": "/health", "status_code": 200, "elapsed_ms": 1.847}
{"timestamp": "2026-08-03T06:43:28.670449+00:00", "service": "backend", "level": "INFO", "message": "health check ok", "request_id": "09a47179-1d43-4e17-9ab8-c5bf5e39d79c", "endpoint": "/health", "status_code": 200}
{"timestamp": "2026-08-03T06:43:28.671310+00:00", "service": "backend", "level": "INFO", "message": "request completed", "request_id": "09a47179-1d43-4e17-9ab8-c5bf5e39d79c", "method": "GET", "endpoint": "/health", "status_code": 200, "elapsed_ms": 1.753}
{"timestamp": "2026-08-03T06:43:41.330359+00:00", "service": "backend", "level": "INFO", "message": "health check ok", "request_id": "30403875-1615-4b8c-a879-cf2a8ab3602e", "endpoint": "/health", "status_code": 200}
{"timestamp": "2026-08-03T06:43:41.331122+00:00", "service": "backend", "level": "INFO", "message": "request completed", "request_id": "30403875-1615-4b8c-a879-cf2a8ab3602e", "method": "GET", "endpoint": "/health", "status_code": 200, "elapsed_ms": 1.526}
{"timestamp": "2026-08-03T06:43:56.764250+00:00", "service": "backend", "level": "INFO", "message": "health check ok", "request_id": "bf73333e-a1bf-4517-9d91-39370aff783f", "endpoint": "/health", "status_code": 200}
{"timestamp": "2026-08-03T06:43:56.765757+00:00", "service": "backend", "level": "INFO", "message": "request completed", "request_id": "bf73333e-a1bf-4517-9d91-39370aff783f", "method": "GET", "endpoint": "/health", "status_code": 200, "elapsed_ms": 2.368}
{"timestamp": "2026-08-03T06:44:09.400217+00:00", "service": "backend", "level": "INFO", "message": "health check ok", "request_id": "55e154a0-e2f2-4ab7-b376-03ad37551f80", "endpoint": "/health", "status_code": 200}
{"timestamp": "2026-08-03T06:44:09.401134+00:00", "service": "backend", "level": "INFO", "message": "request completed", "request_id": "55e154a0-e2f2-4ab7-b376-03ad37551f80", "method": "GET", "endpoint": "/health", "status_code": 200, "elapsed_ms": 1.681}
{"timestamp": "2026-08-03T06:44:24.856834+00:00", "service": "backend", "level": "INFO", "message": "health check ok", "request_id": "c1091614-4e34-40b6-a633-e1ad040dc9e1", "endpoint": "/health", "status_code": 200}
{"timestamp": "2026-08-03T06:44:24.857622+00:00", "service": "backend", "level": "INFO", "message": "request completed", "request_id": "c1091614-4e34-40b6-a633-e1ad040dc9e1", "method": "GET", "endpoint": "/health", "status_code": 200, "elapsed_ms": 1.45}
{"timestamp": "2026-08-03T06:44:37.666953+00:00", "service": "backend", "level": "INFO", "message": "health check ok", "request_id": "21e1072c-4af3-4336-8b24-d17b82d3be5a", "endpoint": "/health", "status_code": 200}
{"timestamp": "2026-08-03T06:44:37.668879+00:00", "service": "backend", "level": "INFO", "message": "request completed", "request_id": "21e1072c-4af3-4336-8b24-d17b82d3be5a", "method": "GET", "endpoint": "/health", "status_code": 200, "elapsed_ms": 4.046}
{"timestamp": "2026-08-03T06:44:53.015523+00:00", "service": "backend", "level": "INFO", "message": "health check ok", "request_id": "45d126b0-7733-44d4-be4b-876d2df12941", "endpoint": "/health", "status_code": 200}
{"timestamp": "2026-08-03T06:44:53.016231+00:00", "service": "backend", "level": "INFO", "message": "request completed", "request_id": "45d126b0-7733-44d4-be4b-876d2df12941", "method": "GET", "endpoint": "/health", "status_code": 200, "elapsed_ms": 1.314}
{"timestamp": "2026-08-03T06:45:05.674343+00:00", "service": "backend", "level": "INFO", "message": "health check ok", "request_id": "bd322038-c9f5-4d07-bf32-360b379405a9", "endpoint": "/health", "status_code": 200}
{"timestamp": "2026-08-03T06:45:05.675262+00:00", "service": "backend", "level": "INFO", "message": "request completed", "request_id": "bd322038-c9f5-4d07-bf32-360b379405a9", "method": "GET", "endpoint": "/health", "status_code": 200, "elapsed_ms": 1.816}
